cell,regime,contention,policy,qo_mean,qo_min,qo_p5,lo_mean,lo_min,lo_p5,frac_zero_qo,frac_zero_lo,frac_worse_qo,frac_worse_lo,mean_change_vs_equal_qo,worst_change_vs_equal_qo,unused_installed_mean
homogeneous__moderate,homogeneous,moderate,equal,0.729688,0.500000,0.625000,0.778958,0.625000,0.750000,0.000000,0.000000,0.000000,0.000000,0.000000,0.000000,17.035833
homogeneous__moderate,homogeneous,moderate,drf,0.729167,0.500000,0.625000,0.778958,0.625000,0.750000,0.000000,0.000000,0.004167,0.000000,-0.000521,-0.125000,16.924167
homogeneous__moderate,homogeneous,moderate,decomposed_cobb_douglas,0.729688,0.500000,0.625000,0.778958,0.625000,0.750000,0.000000,0.000000,0.000000,0.000000,0.000000,0.000000,17.035833
homogeneous__moderate,homogeneous,moderate,joint_linear,0.729688,0.500000,0.625000,0.778958,0.625000,0.750000,0.000000,0.000000,0.021667,0.015833,0.000000,-0.125000,17.035833
homogeneous__moderate,homogeneous,moderate,joint_cobb_douglas,0.729688,0.500000,0.625000,0.778958,0.625000,0.750000,0.000000,0.000000,0.005833,0.003333,0.000000,-0.125000,17.035833
homogeneous__moderate,homogeneous,moderate,joint_ces,0.729688,0.500000,0.625000,0.778958,0.625000,0.750000,0.000000,0.000000,0.021667,0.015833,0.000000,-0.125000,17.035833
homogeneous__moderate,homogeneous,moderate,joint_leontief,0.729688,0.500000,0.625000,0.778958,0.625000,0.750000,0.000000,0.000000,0.021667,0.015833,0.000000,-0.125000,17.035833
iid_uniform__moderate,iid_uniform,moderate,equal,0.715833,0.375000,0.500000,0.759792,0.375000,0.625000,0.000000,0.000000,0.000000,0.000000,0.000000,0.000000,20.918333
iid_uniform__moderate,iid_uniform,moderate,drf,0.746875,0.250000,0.500000,0.796458,0.375000,0.625000,0.000000,0.000000,0.149167,0.035833,0.031042,-0.375000,14.565833
iid_uniform__moderate,iid_uniform,moderate,decomposed_cobb_douglas,0.750313,0.375000,0.500000,0.801042,0.500000,0.625000,0.000000,0.000000,0.104167,0.024167,0.034479,-0.250000,15.415833
iid_uniform__moderate,iid_uniform,moderate,joint_linear,0.108125,0.000000,0.000000,0.118854,0.000000,0.000000,0.446667,0.446667,0.988333,0.993333,-0.607708,-1.000000,257.581667
iid_uniform__moderate,iid_uniform,moderate,joint_cobb_douglas,0.750313,0.375000,0.500000,0.801042,0.500000,0.625000,0.000000,0.000000,0.104167,0.024167,0.034479,-0.250000,15.393333
iid_uniform__moderate,iid_uniform,moderate,joint_ces,0.745729,0.375000,0.500000,0.789479,0.500000,0.625000,0.000000,0.000000,0.153333,0.076667,0.029896,-0.500000,20.577500
iid_uniform__moderate,iid_uniform,moderate,joint_leontief,0.747812,0.375000,0.500000,0.798854,0.500000,0.625000,0.000000,0.000000,0.130000,0.039167,0.031979,-0.250000,15.078333
dirichlet_3.0__moderate,dirichlet_3.0,moderate,equal,0.707604,0.375000,0.500000,0.745833,0.375000,0.500000,0.000000,0.000000,0.000000,0.000000,0.000000,0.000000,24.020833
dirichlet_3.0__moderate,dirichlet_3.0,moderate,drf,0.749062,0.250000,0.500000,0.786458,0.375000,0.500000,0.000000,0.000000,0.148333,0.066667,0.041458,-0.375000,14.746667
dirichlet_3.0__moderate,dirichlet_3.0,moderate,decomposed_cobb_douglas,0.758125,0.375000,0.500000,0.798021,0.375000,0.625000,0.000000,0.000000,0.080000,0.020833,0.050521,-0.250000,15.816667
dirichlet_3.0__moderate,dirichlet_3.0,moderate,joint_linear,0.112292,0.000000,0.000000,0.122188,0.000000,0.000000,0.428333,0.428333,0.987500,0.990000,-0.595313,-1.000000,256.906667
dirichlet_3.0__moderate,dirichlet_3.0,moderate,joint_cobb_douglas,0.758125,0.375000,0.500000,0.798021,0.375000,0.625000,0.000000,0.000000,0.080000,0.020833,0.050521,-0.250000,15.855000
dirichlet_3.0__moderate,dirichlet_3.0,moderate,joint_ces,0.744896,0.250000,0.500000,0.779583,0.375000,0.625000,0.000000,0.000000,0.146667,0.095000,0.037292,-0.250000,23.890000
dirichlet_3.0__moderate,dirichlet_3.0,moderate,joint_leontief,0.753125,0.250000,0.500000,0.794375,0.375000,0.625000,0.000000,0.000000,0.109167,0.034167,0.045521,-0.250000,15.324167
dirichlet_1.0__moderate,dirichlet_1.0,moderate,equal,0.702396,0.375000,0.500000,0.733229,0.375000,0.500000,0.000000,0.000000,0.000000,0.000000,0.000000,0.000000,27.189167
dirichlet_1.0__moderate,dirichlet_1.0,moderate,drf,0.746979,0.125000,0.500000,0.774062,0.250000,0.500000,0.000000,0.000000,0.172500,0.120000,0.044583,-0.500000,14.836667
dirichlet_1.0__moderate,dirichlet_1.0,moderate,decomposed_cobb_douglas,0.763021,0.375000,0.500000,0.789583,0.375000,0.500000,0.000000,0.000000,0.069167,0.035000,0.060625,-0.250000,16.545000
dirichlet_1.0__moderate,dirichlet_1.0,moderate,joint_linear,0.097604,0.000000,0.000000,0.101875,0.000000,0.000000,0.467500,0.467500,0.987500,0.993333,-0.604792,-1.000000,258.816667
dirichlet_1.0__moderate,dirichlet_1.0,moderate,joint_cobb_douglas,0.763021,0.375000,0.500000,0.789583,0.375000,0.500000,0.000000,0.000000,0.069167,0.035000,0.060625,-0.250000,16.550833
dirichlet_1.0__moderate,dirichlet_1.0,moderate,joint_ces,0.738333,0.125000,0.500000,0.764792,0.250000,0.500000,0.000000,0.000000,0.159167,0.118333,0.035937,-0.500000,28.556667
dirichlet_1.0__moderate,dirichlet_1.0,moderate,joint_leontief,0.763437,0.250000,0.500000,0.791875,0.375000,0.500000,0.000000,0.000000,0.090000,0.045000,0.061042,-0.250000,15.040000
dirichlet_0.3__moderate,dirichlet_0.3,moderate,equal,0.692708,0.250000,0.375000,0.714688,0.250000,0.500000,0.000000,0.000000,0.000000,0.000000,0.000000,0.000000,32.090833
dirichlet_0.3__moderate,dirichlet_0.3,moderate,drf,0.734167,0.000000,0.375000,0.745208,0.000000,0.375000,0.000833,0.000833,0.167500,0.160833,0.041458,-0.750000,14.860000
dirichlet_0.3__moderate,dirichlet_0.3,moderate,decomposed_cobb_douglas,0.759896,0.250000,0.375000,0.775208,0.250000,0.493750,0.000000,0.000000,0.067500,0.056667,0.067187,-0.125000,17.053333
dirichlet_0.3__moderate,dirichlet_0.3,moderate,joint_linear,0.090313,0.000000,0.000000,0.093125,0.000000,0.000000,0.513333,0.513333,0.995000,0.997500,-0.602396,-1.000000,260.239167
dirichlet_0.3__moderate,dirichlet_0.3,moderate,joint_cobb_douglas,0.759896,0.250000,0.375000,0.775208,0.250000,0.493750,0.000000,0.000000,0.067500,0.056667,0.067187,-0.125000,17.068333
dirichlet_0.3__moderate,dirichlet_0.3,moderate,joint_ces,0.709063,0.125000,0.375000,0.727604,0.250000,0.375000,0.000000,0.000000,0.195000,0.182500,0.016354,-0.500000,37.168333
dirichlet_0.3__moderate,dirichlet_0.3,moderate,joint_leontief,0.768646,0.250000,0.500000,0.785104,0.250000,0.500000,0.000000,0.000000,0.068333,0.048333,0.075938,-0.375000,14.401667
dirichlet_0.1__moderate,dirichlet_0.1,moderate,equal,0.703854,0.250000,0.375000,0.713125,0.250000,0.375000,0.000000,0.000000,0.000000,0.000000,0.000000,0.000000,33.258333
dirichlet_0.1__moderate,dirichlet_0.1,moderate,drf,0.720938,0.000000,0.375000,0.727083,0.000000,0.375000,0.000833,0.000833,0.218333,0.217500,0.017083,-0.625000,14.249167
dirichlet_0.1__moderate,dirichlet_0.1,moderate,decomposed_cobb_douglas,0.761146,0.125000,0.375000,0.767500,0.250000,0.375000,0.000000,0.000000,0.075833,0.075833,0.057292,-0.500000,17.955833
dirichlet_0.1__moderate,dirichlet_0.1,moderate,joint_linear,0.098125,0.000000,0.000000,0.098958,0.000000,0.000000,0.523333,0.523333,0.988333,0.990000,-0.605729,-1.000000,257.561667
dirichlet_0.1__moderate,dirichlet_0.1,moderate,joint_cobb_douglas,0.761146,0.125000,0.375000,0.767500,0.250000,0.375000,0.000000,0.000000,0.075833,0.075833,0.057292,-0.500000,17.926667
dirichlet_0.1__moderate,dirichlet_0.1,moderate,joint_ces,0.672188,0.000000,0.250000,0.680937,0.000000,0.250000,0.003333,0.003333,0.262500,0.250833,-0.031667,-0.625000,45.930000
dirichlet_0.1__moderate,dirichlet_0.1,moderate,joint_leontief,0.775000,0.250000,0.375000,0.780312,0.250000,0.375000,0.000000,0.000000,0.049167,0.047500,0.071146,-0.375000,13.329167
dirichlet_0.03__moderate,dirichlet_0.03,moderate,equal,0.707708,0.250000,0.375000,0.710625,0.250000,0.375000,0.000000,0.000000,0.000000,0.000000,0.000000,0.000000,32.855000
dirichlet_0.03__moderate,dirichlet_0.03,moderate,drf,0.704167,0.000000,0.250000,0.705833,0.000000,0.250000,0.000833,0.000833,0.241667,0.241667,-0.003542,-0.750000,13.683333
dirichlet_0.03__moderate,dirichlet_0.03,moderate,decomposed_cobb_douglas,0.753958,0.250000,0.375000,0.755417,0.250000,0.375000,0.000000,0.000000,0.072500,0.072500,0.046250,-0.250000,19.697500
dirichlet_0.03__moderate,dirichlet_0.03,moderate,joint_linear,0.137708,0.000000,0.000000,0.138333,0.000000,0.000000,0.483333,0.483333,0.976667,0.977500,-0.570000,-1.000000,242.448333
dirichlet_0.03__moderate,dirichlet_0.03,moderate,joint_cobb_douglas,0.753958,0.250000,0.375000,0.755417,0.250000,0.375000,0.000000,0.000000,0.072500,0.072500,0.046250,-0.250000,19.697500
dirichlet_0.03__moderate,dirichlet_0.03,moderate,joint_ces,0.643854,0.000000,0.250000,0.646354,0.000000,0.250000,0.006667,0.006667,0.305833,0.308333,-0.063854,-0.625000,50.254167
dirichlet_0.03__moderate,dirichlet_0.03,moderate,joint_leontief,0.769896,0.250000,0.375000,0.771250,0.250000,0.375000,0.000000,0.000000,0.028333,0.028333,0.062187,-0.250000,13.276667
homogeneous__high,homogeneous,high,equal,0.516458,0.250000,0.375000,0.603333,0.375000,0.500000,0.000000,0.000000,0.000000,0.000000,0.000000,0.000000,15.325000
homogeneous__high,homogeneous,high,drf,0.515625,0.250000,0.375000,0.603021,0.375000,0.500000,0.000000,0.000000,0.007500,0.002500,-0.000833,-0.125000,15.228333
homogeneous__high,homogeneous,high,decomposed_cobb_douglas,0.516458,0.250000,0.375000,0.603333,0.375000,0.500000,0.000000,0.000000,0.000000,0.000000,0.000000,0.000000,15.325000
homogeneous__high,homogeneous,high,joint_linear,0.516458,0.250000,0.375000,0.603333,0.375000,0.500000,0.000000,0.000000,0.026667,0.010000,0.000000,-0.250000,15.340000
homogeneous__high,homogeneous,high,joint_cobb_douglas,0.516250,0.250000,0.375000,0.603125,0.375000,0.500000,0.000000,0.000000,0.006667,0.009167,-0.000208,-0.250000,15.326667
homogeneous__high,homogeneous,high,joint_ces,0.516458,0.250000,0.375000,0.603333,0.375000,0.500000,0.000000,0.000000,0.022500,0.009167,0.000000,-0.250000,15.325000
homogeneous__high,homogeneous,high,joint_leontief,0.516458,0.250000,0.375000,0.603333,0.375000,0.500000,0.000000,0.000000,0.022500,0.009167,0.000000,-0.250000,15.323333
iid_uniform__high,iid_uniform,high,equal,0.511667,0.250000,0.375000,0.597396,0.250000,0.500000,0.000000,0.000000,0.000000,0.000000,0.000000,0.000000,18.304167
iid_uniform__high,iid_uniform,high,drf,0.521875,0.125000,0.250000,0.610833,0.250000,0.375000,0.000000,0.000000,0.194167,0.102500,0.010208,-0.375000,16.364167
iid_uniform__high,iid_uniform,high,decomposed_cobb_douglas,0.525833,0.250000,0.375000,0.616979,0.250000,0.500000,0.000000,0.000000,0.121667,0.070833,0.014167,-0.250000,16.423333
iid_uniform__high,iid_uniform,high,joint_linear,0.042708,0.000000,0.000000,0.047500,0.000000,0.000000,0.780000,0.780000,0.980000,0.994167,-0.468958,-0.875000,184.250833
iid_uniform__high,iid_uniform,high,joint_cobb_douglas,0.525833,0.250000,0.375000,0.616979,0.250000,0.500000,0.000000,0.000000,0.121667,0.070833,0.014167,-0.250000,16.389167
iid_uniform__high,iid_uniform,high,joint_ces,0.539479,0.125000,0.375000,0.617083,0.250000,0.500000,0.000000,0.000000,0.175000,0.164167,0.027813,-0.375000,18.885833
iid_uniform__high,iid_uniform,high,joint_leontief,0.523646,0.250000,0.375000,0.613750,0.250000,0.500000,0.000000,0.000000,0.161667,0.097500,0.011979,-0.250000,16.348333
dirichlet_3.0__high,dirichlet_3.0,high,equal,0.502917,0.125000,0.250000,0.571771,0.125000,0.375000,0.000000,0.000000,0.000000,0.000000,0.000000,0.000000,21.023333
dirichlet_3.0__high,dirichlet_3.0,high,drf,0.523854,0.125000,0.250000,0.594688,0.250000,0.375000,0.000000,0.000000,0.181667,0.109167,0.020938,-0.375000,17.357500
dirichlet_3.0__high,dirichlet_3.0,high,decomposed_cobb_douglas,0.533958,0.250000,0.375000,0.603854,0.250000,0.375000,0.000000,0.000000,0.115833,0.070000,0.031042,-0.250000,17.414167
dirichlet_3.0__high,dirichlet_3.0,high,joint_linear,0.041667,0.000000,0.000000,0.043542,0.000000,0.000000,0.770000,0.770000,0.980833,0.995000,-0.461250,-1.000000,185.912500
dirichlet_3.0__high,dirichlet_3.0,high,joint_cobb_douglas,0.533958,0.250000,0.375000,0.603854,0.250000,0.375000,0.000000,0.000000,0.115833,0.070000,0.031042,-0.250000,17.414167
dirichlet_3.0__high,dirichlet_3.0,high,joint_ces,0.546771,0.250000,0.375000,0.606563,0.250000,0.375000,0.000000,0.000000,0.166667,0.148333,0.043854,-0.250000,20.351667
dirichlet_3.0__high,dirichlet_3.0,high,joint_leontief,0.531563,0.250000,0.375000,0.601667,0.250000,0.375000,0.000000,0.000000,0.140000,0.083333,0.028646,-0.250000,17.054167
dirichlet_1.0__high,dirichlet_1.0,high,equal,0.485833,0.125000,0.250000,0.541771,0.125000,0.375000,0.000000,0.000000,0.000000,0.000000,0.000000,0.000000,24.917500
dirichlet_1.0__high,dirichlet_1.0,high,drf,0.520938,0.125000,0.250000,0.568125,0.125000,0.375000,0.000000,0.000000,0.175000,0.131667,0.035104,-0.375000,17.806667
dirichlet_1.0__high,dirichlet_1.0,high,decomposed_cobb_douglas,0.535521,0.125000,0.250000,0.586667,0.250000,0.375000,0.000000,0.000000,0.088333,0.077500,0.049688,-0.250000,17.510833
dirichlet_1.0__high,dirichlet_1.0,high,joint_linear,0.037812,0.000000,0.000000,0.038646,0.000000,0.000000,0.758333,0.758333,0.989167,0.995000,-0.448021,-1.000000,185.511667
dirichlet_1.0__high,dirichlet_1.0,high,joint_cobb_douglas,0.535521,0.125000,0.250000,0.586667,0.250000,0.375000,0.000000,0.000000,0.088333,0.077500,0.049688,-0.250000,17.510833
dirichlet_1.0__high,dirichlet_1.0,high,joint_ces,0.533854,0.125000,0.250000,0.577917,0.125000,0.375000,0.000000,0.000000,0.179167,0.203333,0.048021,-0.375000,24.940833
dirichlet_1.0__high,dirichlet_1.0,high,joint_leontief,0.527813,0.125000,0.250000,0.581354,0.250000,0.375000,0.000000,0.000000,0.113333,0.084167,0.041979,-0.250000,17.826667
dirichlet_0.3__high,dirichlet_0.3,high,equal,0.477292,0.125000,0.250000,0.512083,0.125000,0.250000,0.000000,0.000000,0.000000,0.000000,0.000000,0.000000,29.503333
dirichlet_0.3__high,dirichlet_0.3,high,drf,0.510625,0.000000,0.250000,0.538750,0.000000,0.250000,0.000833,0.000833,0.180000,0.166667,0.033333,-0.625000,17.562500
dirichlet_0.3__high,dirichlet_0.3,high,decomposed_cobb_douglas,0.539375,0.125000,0.250000,0.569479,0.125000,0.250000,0.000000,0.000000,0.109167,0.096667,0.062083,-0.375000,19.430833
dirichlet_0.3__high,dirichlet_0.3,high,joint_linear,0.036042,0.000000,0.000000,0.036146,0.000000,0.000000,0.770000,0.770000,0.989167,0.996667,-0.441250,-1.000000,186.566667
dirichlet_0.3__high,dirichlet_0.3,high,joint_cobb_douglas,0.539167,0.125000,0.250000,0.569479,0.125000,0.250000,0.000000,0.000000,0.110000,0.096667,0.061875,-0.375000,19.417500
dirichlet_0.3__high,dirichlet_0.3,high,joint_ces,0.503229,0.000000,0.250000,0.529687,0.000000,0.250000,0.001667,0.001667,0.251667,0.260000,0.025937,-0.375000,35.118333
dirichlet_0.3__high,dirichlet_0.3,high,joint_leontief,0.535417,0.125000,0.250000,0.563229,0.125000,0.250000,0.000000,0.000000,0.109167,0.095000,0.058125,-0.250000,17.849167
dirichlet_0.1__high,dirichlet_0.1,high,equal,0.473333,0.125000,0.250000,0.490521,0.125000,0.250000,0.000000,0.000000,0.000000,0.000000,0.000000,0.000000,33.305833
dirichlet_0.1__high,dirichlet_0.1,high,drf,0.508333,0.000000,0.250000,0.517917,0.000000,0.250000,0.004167,0.004167,0.187500,0.184167,0.035000,-0.500000,17.086667
dirichlet_0.1__high,dirichlet_0.1,high,decomposed_cobb_douglas,0.543229,0.125000,0.250000,0.555104,0.125000,0.250000,0.000000,0.000000,0.115000,0.115000,0.069896,-0.250000,22.728333
dirichlet_0.1__high,dirichlet_0.1,high,joint_linear,0.046979,0.000000,0.000000,0.047083,0.000000,0.000000,0.731667,0.731667,0.987500,0.990833,-0.426354,-1.000000,184.447500
dirichlet_0.1__high,dirichlet_0.1,high,joint_cobb_douglas,0.543333,0.125000,0.250000,0.555104,0.125000,0.250000,0.000000,0.000000,0.115000,0.115000,0.070000,-0.250000,22.727500
dirichlet_0.1__high,dirichlet_0.1,high,joint_ces,0.455313,0.000000,0.125000,0.464792,0.000000,0.125000,0.032500,0.032500,0.320000,0.326667,-0.018021,-0.375000,51.370000
dirichlet_0.1__high,dirichlet_0.1,high,joint_leontief,0.545208,0.125000,0.250000,0.557396,0.125000,0.250000,0.000000,0.000000,0.070000,0.065000,0.071875,-0.250000,16.464167
dirichlet_0.03__high,dirichlet_0.03,high,equal,0.481875,0.125000,0.250000,0.487500,0.125000,0.250000,0.000000,0.000000,0.000000,0.000000,0.000000,0.000000,33.386667
dirichlet_0.03__high,dirichlet_0.03,high,drf,0.510833,0.000000,0.125000,0.513542,0.000000,0.125000,0.010000,0.010000,0.184167,0.182500,0.028958,-0.625000,15.055000
dirichlet_0.03__high,dirichlet_0.03,high,decomposed_cobb_douglas,0.540312,0.125000,0.125000,0.546979,0.125000,0.125000,0.000000,0.000000,0.088333,0.085000,0.058438,-0.375000,25.039167
dirichlet_0.03__high,dirichlet_0.03,high,joint_linear,0.055729,0.000000,0.000000,0.055729,0.000000,0.000000,0.684167,0.684167,0.994167,0.994167,-0.426146,-1.000000,182.234167
dirichlet_0.03__high,dirichlet_0.03,high,joint_cobb_douglas,0.540208,0.125000,0.125000,0.546875,0.125000,0.125000,0.000000,0.000000,0.088333,0.085000,0.058333,-0.375000,25.040833
dirichlet_0.03__high,dirichlet_0.03,high,joint_ces,0.426354,0.000000,0.000000,0.429792,0.000000,0.000000,0.062500,0.062500,0.361667,0.361667,-0.055521,-0.375000,59.937500
dirichlet_0.03__high,dirichlet_0.03,high,joint_leontief,0.548229,0.125000,0.250000,0.551979,0.125000,0.250000,0.000000,0.000000,0.038333,0.036667,0.066354,-0.375000,15.590000
