cell,regime,contention,res_tv_mean,metric,comparison,mean_frac,ci_lo_frac,ci_hi_frac,mean_tasks,ci_lo_tasks,ci_hi_tasks,n_seeds,std_tasks,frac_win,frac_tie,frac_lose
homogeneous__moderate,homogeneous,moderate,0.000000,queue_order,joint_leontief_minus_equal,0.000000,0.000000,0.000000,0.0000,0.0000,0.0000,200,0.0000,0.0000,1.0000,0.0000
homogeneous__moderate,homogeneous,moderate,0.000000,queue_order,joint_leontief_minus_drf,0.000521,0.000104,0.001042,0.0250,0.0050,0.0500,200,0.1561,0.0250,0.9750,0.0000
homogeneous__moderate,homogeneous,moderate,0.000000,queue_order,joint_cobb_douglas_minus_drf,0.000521,0.000104,0.001042,0.0250,0.0050,0.0500,200,0.1561,0.0250,0.9750,0.0000
homogeneous__moderate,homogeneous,moderate,0.000000,queue_order,decomposed_cobb_douglas_minus_drf,0.000521,0.000104,0.001042,0.0250,0.0050,0.0500,200,0.1561,0.0250,0.9750,0.0000
homogeneous__moderate,homogeneous,moderate,0.000000,queue_order,joint_cobb_douglas_minus_decomposed_cobb_douglas,0.000000,0.000000,0.000000,0.0000,0.0000,0.0000,200,0.0000,0.0000,1.0000,0.0000
homogeneous__moderate,homogeneous,moderate,0.000000,queue_order,joint_ces_minus_drf,0.000521,0.000104,0.001042,0.0250,0.0050,0.0500,200,0.1561,0.0250,0.9750,0.0000
homogeneous__moderate,homogeneous,moderate,0.000000,queue_order,joint_linear_minus_drf,0.000521,0.000104,0.001042,0.0250,0.0050,0.0500,200,0.1561,0.0250,0.9750,0.0000
homogeneous__moderate,homogeneous,moderate,0.000000,local_opt,joint_leontief_minus_equal,0.000000,0.000000,0.000000,0.0000,0.0000,0.0000,200,0.0000,0.0000,1.0000,0.0000
homogeneous__moderate,homogeneous,moderate,0.000000,local_opt,joint_leontief_minus_drf,0.000000,0.000000,0.000000,0.0000,0.0000,0.0000,200,0.0000,0.0000,1.0000,0.0000
homogeneous__moderate,homogeneous,moderate,0.000000,local_opt,joint_cobb_douglas_minus_drf,0.000000,0.000000,0.000000,0.0000,0.0000,0.0000,200,0.0000,0.0000,1.0000,0.0000
homogeneous__moderate,homogeneous,moderate,0.000000,local_opt,decomposed_cobb_douglas_minus_drf,0.000000,0.000000,0.000000,0.0000,0.0000,0.0000,200,0.0000,0.0000,1.0000,0.0000
homogeneous__moderate,homogeneous,moderate,0.000000,local_opt,joint_cobb_douglas_minus_decomposed_cobb_douglas,0.000000,0.000000,0.000000,0.0000,0.0000,0.0000,200,0.0000,0.0000,1.0000,0.0000
homogeneous__moderate,homogeneous,moderate,0.000000,local_opt,joint_ces_minus_drf,0.000000,0.000000,0.000000,0.0000,0.0000,0.0000,200,0.0000,0.0000,1.0000,0.0000
homogeneous__moderate,homogeneous,moderate,0.000000,local_opt,joint_linear_minus_drf,0.000000,0.000000,0.000000,0.0000,0.0000,0.0000,200,0.0000,0.0000,1.0000,0.0000
iid_uniform__moderate,iid_uniform,moderate,0.036223,queue_order,joint_leontief_minus_equal,0.031979,0.026875,0.037083,1.5350,1.2900,1.7800,200,1.7745,0.7250,0.1400,0.1350
iid_uniform__moderate,iid_uniform,moderate,0.036223,queue_order,joint_leontief_minus_drf,0.000937,-0.004271,0.005836,0.0450,-0.2050,0.2801,200,1.7587,0.3900,0.2800,0.3300
iid_uniform__moderate,iid_uniform,moderate,0.036223,queue_order,joint_cobb_douglas_minus_drf,0.003437,-0.001458,0.008437,0.1650,-0.0700,0.4050,200,1.7256,0.3800,0.3050,0.3150
iid_uniform__moderate,iid_uniform,moderate,0.036223,queue_order,decomposed_cobb_douglas_minus_drf,0.003437,-0.001458,0.008333,0.1650,-0.0700,0.4000,200,1.7169,0.3800,0.3100,0.3100
iid_uniform__moderate,iid_uniform,moderate,0.036223,queue_order,joint_cobb_douglas_minus_decomposed_cobb_douglas,-0.000000,-0.000313,0.000312,-0.0000,-0.0150,0.0150,200,0.1000,0.0050,0.9900,0.0050
iid_uniform__moderate,iid_uniform,moderate,0.036223,queue_order,joint_ces_minus_drf,-0.001146,-0.006667,0.004167,-0.0550,-0.3200,0.2000,200,1.8767,0.4350,0.1900,0.3750
iid_uniform__moderate,iid_uniform,moderate,0.036223,queue_order,joint_linear_minus_drf,-0.638750,-0.647083,-0.630313,-30.6600,-31.0600,-30.2550,200,2.9367,0.0000,0.0000,1.0000
iid_uniform__moderate,iid_uniform,moderate,0.036223,local_opt,joint_leontief_minus_equal,0.039062,0.035208,0.042917,1.8750,1.6900,2.0600,200,1.3562,0.8550,0.1100,0.0350
iid_uniform__moderate,iid_uniform,moderate,0.036223,local_opt,joint_leontief_minus_drf,0.002396,-0.001354,0.006146,0.1150,-0.0650,0.2950,200,1.3045,0.4100,0.2950,0.2950
iid_uniform__moderate,iid_uniform,moderate,0.036223,local_opt,joint_cobb_douglas_minus_drf,0.004583,0.000937,0.008229,0.2200,0.0450,0.3950,200,1.2773,0.4600,0.2250,0.3150
iid_uniform__moderate,iid_uniform,moderate,0.036223,local_opt,decomposed_cobb_douglas_minus_drf,0.004583,0.000833,0.008229,0.2200,0.0400,0.3950,200,1.2773,0.4600,0.2250,0.3150
iid_uniform__moderate,iid_uniform,moderate,0.036223,local_opt,joint_cobb_douglas_minus_decomposed_cobb_douglas,0.000000,0.000000,0.000000,0.0000,0.0000,0.0000,200,0.0000,0.0000,1.0000,0.0000
iid_uniform__moderate,iid_uniform,moderate,0.036223,local_opt,joint_ces_minus_drf,-0.006979,-0.010938,-0.003229,-0.3350,-0.5250,-0.1550,200,1.3277,0.3000,0.2850,0.4150
iid_uniform__moderate,iid_uniform,moderate,0.036223,local_opt,joint_linear_minus_drf,-0.677604,-0.686458,-0.668854,-32.5250,-32.9500,-32.1050,200,3.0495,0.0000,0.0000,1.0000
dirichlet_3.0__moderate,dirichlet_3.0,moderate,0.048005,queue_order,joint_leontief_minus_equal,0.045521,0.040208,0.050625,2.1850,1.9300,2.4300,200,1.7666,0.8350,0.0950,0.0700
dirichlet_3.0__moderate,dirichlet_3.0,moderate,0.048005,queue_order,joint_leontief_minus_drf,0.004063,-0.000833,0.008753,0.1950,-0.0400,0.4201,200,1.6514,0.3850,0.3050,0.3100
dirichlet_3.0__moderate,dirichlet_3.0,moderate,0.048005,queue_order,joint_cobb_douglas_minus_drf,0.009063,0.003750,0.014375,0.4350,0.1800,0.6900,200,1.8373,0.5150,0.2050,0.2800
dirichlet_3.0__moderate,dirichlet_3.0,moderate,0.048005,queue_order,decomposed_cobb_douglas_minus_drf,0.009063,0.003750,0.014271,0.4350,0.1800,0.6850,200,1.8373,0.5150,0.2050,0.2800
dirichlet_3.0__moderate,dirichlet_3.0,moderate,0.048005,queue_order,joint_cobb_douglas_minus_decomposed_cobb_douglas,0.000000,0.000000,0.000000,0.0000,0.0000,0.0000,200,0.0000,0.0000,1.0000,0.0000
dirichlet_3.0__moderate,dirichlet_3.0,moderate,0.048005,queue_order,joint_ces_minus_drf,-0.004167,-0.009896,0.001458,-0.2000,-0.4750,0.0700,200,1.9416,0.3700,0.1850,0.4450
dirichlet_3.0__moderate,dirichlet_3.0,moderate,0.048005,queue_order,joint_linear_minus_drf,-0.636771,-0.646042,-0.627396,-30.5650,-31.0100,-30.1150,200,3.2320,0.0000,0.0000,1.0000
dirichlet_3.0__moderate,dirichlet_3.0,moderate,0.048005,local_opt,joint_leontief_minus_equal,0.048542,0.044375,0.052708,2.3300,2.1300,2.5300,200,1.4564,0.9000,0.0900,0.0100
dirichlet_3.0__moderate,dirichlet_3.0,moderate,0.048005,local_opt,joint_leontief_minus_drf,0.007917,0.003854,0.012083,0.3800,0.1850,0.5800,200,1.4407,0.4500,0.3100,0.2400
dirichlet_3.0__moderate,dirichlet_3.0,moderate,0.048005,local_opt,joint_cobb_douglas_minus_drf,0.011562,0.007292,0.015937,0.5550,0.3500,0.7650,200,1.4990,0.5050,0.2550,0.2400
dirichlet_3.0__moderate,dirichlet_3.0,moderate,0.048005,local_opt,decomposed_cobb_douglas_minus_drf,0.011562,0.007292,0.015937,0.5550,0.3500,0.7650,200,1.4990,0.5050,0.2550,0.2400
dirichlet_3.0__moderate,dirichlet_3.0,moderate,0.048005,local_opt,joint_cobb_douglas_minus_decomposed_cobb_douglas,0.000000,0.000000,0.000000,0.0000,0.0000,0.0000,200,0.0000,0.0000,1.0000,0.0000
dirichlet_3.0__moderate,dirichlet_3.0,moderate,0.048005,local_opt,joint_ces_minus_drf,-0.006875,-0.011875,-0.001875,-0.3300,-0.5700,-0.0900,200,1.6915,0.2750,0.2900,0.4350
dirichlet_3.0__moderate,dirichlet_3.0,moderate,0.048005,local_opt,joint_linear_minus_drf,-0.664271,-0.674063,-0.654687,-31.8850,-32.3550,-31.4250,200,3.3169,0.0000,0.0000,1.0000
dirichlet_1.0__moderate,dirichlet_1.0,moderate,0.065045,queue_order,joint_leontief_minus_equal,0.061042,0.055935,0.066146,2.9300,2.6849,3.1750,200,1.7734,0.9300,0.0400,0.0300
dirichlet_1.0__moderate,dirichlet_1.0,moderate,0.065045,queue_order,joint_leontief_minus_drf,0.016458,0.011146,0.021875,0.7900,0.5350,1.0500,200,1.8346,0.5600,0.1650,0.2750
dirichlet_1.0__moderate,dirichlet_1.0,moderate,0.065045,queue_order,joint_cobb_douglas_minus_drf,0.016042,0.010521,0.021667,0.7700,0.5050,1.0400,200,1.9306,0.5350,0.2050,0.2600
dirichlet_1.0__moderate,dirichlet_1.0,moderate,0.065045,queue_order,decomposed_cobb_douglas_minus_drf,0.016042,0.010521,0.021565,0.7700,0.5050,1.0351,200,1.9306,0.5350,0.2050,0.2600
dirichlet_1.0__moderate,dirichlet_1.0,moderate,0.065045,queue_order,joint_cobb_douglas_minus_decomposed_cobb_douglas,0.000000,0.000000,0.000000,0.0000,0.0000,0.0000,200,0.0000,0.0000,1.0000,0.0000
dirichlet_1.0__moderate,dirichlet_1.0,moderate,0.065045,queue_order,joint_ces_minus_drf,-0.008646,-0.015313,-0.002083,-0.4150,-0.7350,-0.1000,200,2.3006,0.3850,0.1450,0.4700
dirichlet_1.0__moderate,dirichlet_1.0,moderate,0.065045,queue_order,joint_linear_minus_drf,-0.649375,-0.658021,-0.640417,-31.1700,-31.5850,-30.7400,200,3.1098,0.0000,0.0000,1.0000
dirichlet_1.0__moderate,dirichlet_1.0,moderate,0.065045,local_opt,joint_leontief_minus_equal,0.058646,0.054062,0.063125,2.8150,2.5950,3.0300,200,1.5655,0.9200,0.0600,0.0200
dirichlet_1.0__moderate,dirichlet_1.0,moderate,0.065045,local_opt,joint_leontief_minus_drf,0.017812,0.013333,0.022396,0.8550,0.6400,1.0750,200,1.5408,0.5700,0.2450,0.1850
dirichlet_1.0__moderate,dirichlet_1.0,moderate,0.065045,local_opt,joint_cobb_douglas_minus_drf,0.015521,0.010622,0.020208,0.7450,0.5099,0.9700,200,1.6492,0.5750,0.2150,0.2100
dirichlet_1.0__moderate,dirichlet_1.0,moderate,0.065045,local_opt,decomposed_cobb_douglas_minus_drf,0.015521,0.010833,0.020208,0.7450,0.5200,0.9700,200,1.6492,0.5750,0.2150,0.2100
dirichlet_1.0__moderate,dirichlet_1.0,moderate,0.065045,local_opt,joint_cobb_douglas_minus_decomposed_cobb_douglas,0.000000,0.000000,0.000000,0.0000,0.0000,0.0000,200,0.0000,0.0000,1.0000,0.0000
dirichlet_1.0__moderate,dirichlet_1.0,moderate,0.065045,local_opt,joint_ces_minus_drf,-0.009271,-0.014687,-0.003854,-0.4450,-0.7050,-0.1850,200,1.8620,0.3200,0.1750,0.5050
dirichlet_1.0__moderate,dirichlet_1.0,moderate,0.065045,local_opt,joint_linear_minus_drf,-0.672188,-0.680625,-0.663646,-32.2650,-32.6700,-31.8550,200,2.9436,0.0000,0.0000,1.0000
dirichlet_0.3__moderate,dirichlet_0.3,moderate,0.092433,queue_order,joint_leontief_minus_equal,0.075938,0.070521,0.081354,3.6450,3.3850,3.9050,200,1.8918,0.9550,0.0250,0.0200
dirichlet_0.3__moderate,dirichlet_0.3,moderate,0.092433,queue_order,joint_leontief_minus_drf,0.034479,0.028958,0.039896,1.6550,1.3900,1.9150,200,1.8401,0.7350,0.1600,0.1050
dirichlet_0.3__moderate,dirichlet_0.3,moderate,0.092433,queue_order,joint_cobb_douglas_minus_drf,0.025729,0.019896,0.031563,1.2350,0.9550,1.5150,200,2.0297,0.6650,0.1250,0.2100
dirichlet_0.3__moderate,dirichlet_0.3,moderate,0.092433,queue_order,decomposed_cobb_douglas_minus_drf,0.025729,0.019792,0.031667,1.2350,0.9500,1.5200,200,2.0297,0.6650,0.1250,0.2100
dirichlet_0.3__moderate,dirichlet_0.3,moderate,0.092433,queue_order,joint_cobb_douglas_minus_decomposed_cobb_douglas,0.000000,0.000000,0.000000,0.0000,0.0000,0.0000,200,0.0000,0.0000,1.0000,0.0000
dirichlet_0.3__moderate,dirichlet_0.3,moderate,0.092433,queue_order,joint_ces_minus_drf,-0.025104,-0.032500,-0.017917,-1.2050,-1.5600,-0.8600,200,2.5205,0.2400,0.2000,0.5600
dirichlet_0.3__moderate,dirichlet_0.3,moderate,0.092433,queue_order,joint_linear_minus_drf,-0.643854,-0.652919,-0.634583,-30.9050,-31.3401,-30.4600,200,3.1537,0.0000,0.0000,1.0000
dirichlet_0.3__moderate,dirichlet_0.3,moderate,0.092433,local_opt,joint_leontief_minus_equal,0.070417,0.065833,0.075000,3.3800,3.1600,3.6000,200,1.5797,0.9550,0.0350,0.0100
dirichlet_0.3__moderate,dirichlet_0.3,moderate,0.092433,local_opt,joint_leontief_minus_drf,0.039896,0.034896,0.044792,1.9150,1.6750,2.1500,200,1.7111,0.7650,0.1700,0.0650
dirichlet_0.3__moderate,dirichlet_0.3,moderate,0.092433,local_opt,joint_cobb_douglas_minus_drf,0.030000,0.024789,0.035208,1.4400,1.1899,1.6900,200,1.8101,0.6850,0.1650,0.1500
dirichlet_0.3__moderate,dirichlet_0.3,moderate,0.092433,local_opt,decomposed_cobb_douglas_minus_drf,0.030000,0.024792,0.035208,1.4400,1.1900,1.6900,200,1.8101,0.6850,0.1650,0.1500
dirichlet_0.3__moderate,dirichlet_0.3,moderate,0.092433,local_opt,joint_cobb_douglas_minus_decomposed_cobb_douglas,0.000000,0.000000,0.000000,0.0000,0.0000,0.0000,200,0.0000,0.0000,1.0000,0.0000
dirichlet_0.3__moderate,dirichlet_0.3,moderate,0.092433,local_opt,joint_ces_minus_drf,-0.017604,-0.024271,-0.010937,-0.8450,-1.1650,-0.5250,200,2.3154,0.2850,0.2000,0.5150
dirichlet_0.3__moderate,dirichlet_0.3,moderate,0.092433,local_opt,joint_linear_minus_drf,-0.652083,-0.660625,-0.643229,-31.3000,-31.7100,-30.8750,200,2.9900,0.0000,0.0000,1.0000
dirichlet_0.1__moderate,dirichlet_0.1,moderate,0.116740,queue_order,joint_leontief_minus_equal,0.071146,0.066354,0.075937,3.4150,3.1850,3.6450,200,1.6379,0.9400,0.0600,0.0000
dirichlet_0.1__moderate,dirichlet_0.1,moderate,0.116740,queue_order,joint_leontief_minus_drf,0.054062,0.047813,0.060211,2.5950,2.2950,2.8901,200,2.1728,0.8150,0.0950,0.0900
dirichlet_0.1__moderate,dirichlet_0.1,moderate,0.116740,queue_order,joint_cobb_douglas_minus_drf,0.040208,0.033437,0.046771,1.9300,1.6050,2.2450,200,2.3206,0.7750,0.0750,0.1500
dirichlet_0.1__moderate,dirichlet_0.1,moderate,0.116740,queue_order,decomposed_cobb_douglas_minus_drf,0.040208,0.033542,0.046875,1.9300,1.6100,2.2500,200,2.3206,0.7750,0.0750,0.1500
dirichlet_0.1__moderate,dirichlet_0.1,moderate,0.116740,queue_order,joint_cobb_douglas_minus_decomposed_cobb_douglas,0.000000,0.000000,0.000000,0.0000,0.0000,0.0000,200,0.0000,0.0000,1.0000,0.0000
dirichlet_0.1__moderate,dirichlet_0.1,moderate,0.116740,queue_order,joint_ces_minus_drf,-0.048750,-0.059794,-0.038229,-2.3400,-2.8701,-1.8350,200,3.7046,0.2000,0.1350,0.6650
dirichlet_0.1__moderate,dirichlet_0.1,moderate,0.116740,queue_order,joint_linear_minus_drf,-0.622812,-0.635104,-0.609375,-29.8950,-30.4850,-29.2500,200,4.5082,0.0000,0.0000,1.0000
dirichlet_0.1__moderate,dirichlet_0.1,moderate,0.116740,local_opt,joint_leontief_minus_equal,0.067187,0.062396,0.071875,3.2250,2.9950,3.4500,200,1.6200,0.9350,0.0650,0.0000
dirichlet_0.1__moderate,dirichlet_0.1,moderate,0.116740,local_opt,joint_leontief_minus_drf,0.053229,0.046979,0.059375,2.5550,2.2550,2.8500,200,2.1580,0.8250,0.0850,0.0900
dirichlet_0.1__moderate,dirichlet_0.1,moderate,0.116740,local_opt,joint_cobb_douglas_minus_drf,0.040417,0.033854,0.046875,1.9400,1.6250,2.2500,200,2.2642,0.7650,0.0750,0.1600
dirichlet_0.1__moderate,dirichlet_0.1,moderate,0.116740,local_opt,decomposed_cobb_douglas_minus_drf,0.040417,0.034060,0.046979,1.9400,1.6349,2.2550,200,2.2642,0.7650,0.0750,0.1600
dirichlet_0.1__moderate,dirichlet_0.1,moderate,0.116740,local_opt,joint_cobb_douglas_minus_decomposed_cobb_douglas,0.000000,0.000000,0.000000,0.0000,0.0000,0.0000,200,0.0000,0.0000,1.0000,0.0000
dirichlet_0.1__moderate,dirichlet_0.1,moderate,0.116740,local_opt,joint_ces_minus_drf,-0.046146,-0.056667,-0.035938,-2.2150,-2.7200,-1.7250,200,3.6261,0.1800,0.1450,0.6750
dirichlet_0.1__moderate,dirichlet_0.1,moderate,0.116740,local_opt,joint_linear_minus_drf,-0.628125,-0.640729,-0.614583,-30.1500,-30.7550,-29.5000,200,4.5451,0.0000,0.0000,1.0000
dirichlet_0.03__moderate,dirichlet_0.03,moderate,0.124803,queue_order,joint_leontief_minus_equal,0.062187,0.056979,0.067396,2.9850,2.7350,3.2350,200,1.8069,0.9000,0.0950,0.0050
dirichlet_0.03__moderate,dirichlet_0.03,moderate,0.124803,queue_order,joint_leontief_minus_drf,0.065729,0.059062,0.072396,3.1550,2.8350,3.4750,200,2.3262,0.8100,0.1350,0.0550
dirichlet_0.03__moderate,dirichlet_0.03,moderate,0.124803,queue_order,joint_cobb_douglas_minus_drf,0.049792,0.042813,0.056771,2.3900,2.0550,2.7250,200,2.4203,0.7350,0.1200,0.1450
dirichlet_0.03__moderate,dirichlet_0.03,moderate,0.124803,queue_order,decomposed_cobb_douglas_minus_drf,0.049792,0.042813,0.056771,2.3900,2.0550,2.7250,200,2.4203,0.7350,0.1200,0.1450
dirichlet_0.03__moderate,dirichlet_0.03,moderate,0.124803,queue_order,joint_cobb_douglas_minus_decomposed_cobb_douglas,0.000000,0.000000,0.000000,0.0000,0.0000,0.0000,200,0.0000,0.0000,1.0000,0.0000
dirichlet_0.03__moderate,dirichlet_0.03,moderate,0.124803,queue_order,joint_ces_minus_drf,-0.060313,-0.073125,-0.047917,-2.8950,-3.5100,-2.3000,200,4.4322,0.1500,0.1500,0.7000
dirichlet_0.03__moderate,dirichlet_0.03,moderate,0.124803,queue_order,joint_linear_minus_drf,-0.566458,-0.582812,-0.549375,-27.1900,-27.9750,-26.3700,200,5.7432,0.0000,0.0000,1.0000
dirichlet_0.03__moderate,dirichlet_0.03,moderate,0.124803,local_opt,joint_leontief_minus_equal,0.060625,0.055625,0.065729,2.9100,2.6700,3.1550,200,1.7470,0.8900,0.1050,0.0050
dirichlet_0.03__moderate,dirichlet_0.03,moderate,0.124803,local_opt,joint_leontief_minus_drf,0.065417,0.058646,0.072188,3.1400,2.8150,3.4650,200,2.3153,0.8100,0.1350,0.0550
dirichlet_0.03__moderate,dirichlet_0.03,moderate,0.124803,local_opt,joint_cobb_douglas_minus_drf,0.049583,0.042708,0.056250,2.3800,2.0500,2.7000,200,2.3782,0.7400,0.1250,0.1350
dirichlet_0.03__moderate,dirichlet_0.03,moderate,0.124803,local_opt,decomposed_cobb_douglas_minus_drf,0.049583,0.042604,0.056458,2.3800,2.0450,2.7100,200,2.3782,0.7400,0.1250,0.1350
dirichlet_0.03__moderate,dirichlet_0.03,moderate,0.124803,local_opt,joint_cobb_douglas_minus_decomposed_cobb_douglas,0.000000,0.000000,0.000000,0.0000,0.0000,0.0000,200,0.0000,0.0000,1.0000,0.0000
dirichlet_0.03__moderate,dirichlet_0.03,moderate,0.124803,local_opt,joint_ces_minus_drf,-0.059479,-0.072500,-0.046875,-2.8550,-3.4800,-2.2500,200,4.4457,0.1600,0.1450,0.6950
dirichlet_0.03__moderate,dirichlet_0.03,moderate,0.124803,local_opt,joint_linear_minus_drf,-0.567500,-0.583854,-0.550727,-27.2400,-28.0250,-26.4349,200,5.7448,0.0000,0.0000,1.0000
homogeneous__high,homogeneous,high,0.000000,queue_order,joint_leontief_minus_equal,0.000000,0.000000,0.000000,0.0000,0.0000,0.0000,200,0.0000,0.0000,1.0000,0.0000
homogeneous__high,homogeneous,high,0.000000,queue_order,joint_leontief_minus_drf,0.000833,0.000208,0.001458,0.0400,0.0100,0.0700,200,0.2200,0.0450,0.9500,0.0050
homogeneous__high,homogeneous,high,0.000000,queue_order,joint_cobb_douglas_minus_drf,0.000625,0.000104,0.001250,0.0300,0.0050,0.0600,200,0.1977,0.0350,0.9600,0.0050
homogeneous__high,homogeneous,high,0.000000,queue_order,decomposed_cobb_douglas_minus_drf,0.000833,0.000208,0.001458,0.0400,0.0100,0.0700,200,0.2200,0.0450,0.9500,0.0050
homogeneous__high,homogeneous,high,0.000000,queue_order,joint_cobb_douglas_minus_decomposed_cobb_douglas,-0.000208,-0.000521,0.000000,-0.0100,-0.0250,0.0000,200,0.0995,0.0000,0.9900,0.0100
homogeneous__high,homogeneous,high,0.000000,queue_order,joint_ces_minus_drf,0.000833,0.000208,0.001458,0.0400,0.0100,0.0700,200,0.2200,0.0450,0.9500,0.0050
homogeneous__high,homogeneous,high,0.000000,queue_order,joint_linear_minus_drf,0.000833,0.000208,0.001458,0.0400,0.0100,0.0700,200,0.2200,0.0450,0.9500,0.0050
homogeneous__high,homogeneous,high,0.000000,local_opt,joint_leontief_minus_equal,0.000000,0.000000,0.000000,0.0000,0.0000,0.0000,200,0.0000,0.0000,1.0000,0.0000
homogeneous__high,homogeneous,high,0.000000,local_opt,joint_leontief_minus_drf,0.000313,0.000000,0.000729,0.0150,0.0000,0.0350,200,0.1216,0.0150,0.9850,0.0000
homogeneous__high,homogeneous,high,0.000000,local_opt,joint_cobb_douglas_minus_drf,0.000104,0.000000,0.000312,0.0050,0.0000,0.0150,200,0.0705,0.0050,0.9950,0.0000
homogeneous__high,homogeneous,high,0.000000,local_opt,decomposed_cobb_douglas_minus_drf,0.000313,0.000000,0.000729,0.0150,0.0000,0.0350,200,0.1216,0.0150,0.9850,0.0000
homogeneous__high,homogeneous,high,0.000000,local_opt,joint_cobb_douglas_minus_decomposed_cobb_douglas,-0.000208,-0.000521,0.000000,-0.0100,-0.0250,0.0000,200,0.0995,0.0000,0.9900,0.0100
homogeneous__high,homogeneous,high,0.000000,local_opt,joint_ces_minus_drf,0.000313,0.000000,0.000729,0.0150,0.0000,0.0350,200,0.1216,0.0150,0.9850,0.0000
homogeneous__high,homogeneous,high,0.000000,local_opt,joint_linear_minus_drf,0.000313,0.000000,0.000729,0.0150,0.0000,0.0350,200,0.1216,0.0150,0.9850,0.0000
iid_uniform__high,iid_uniform,high,0.036223,queue_order,joint_leontief_minus_equal,0.011979,0.007083,0.016667,0.5750,0.3400,0.8000,200,1.6475,0.5300,0.1850,0.2850
iid_uniform__high,iid_uniform,high,0.036223,queue_order,joint_leontief_minus_drf,0.001771,-0.002190,0.005937,0.0850,-0.1051,0.2850,200,1.4170,0.3600,0.3100,0.3300
iid_uniform__high,iid_uniform,high,0.036223,queue_order,joint_cobb_douglas_minus_drf,0.003958,-0.000521,0.008440,0.1900,-0.0250,0.4051,200,1.5824,0.4200,0.2600,0.3200
iid_uniform__high,iid_uniform,high,0.036223,queue_order,decomposed_cobb_douglas_minus_drf,0.003958,-0.000729,0.008437,0.1900,-0.0350,0.4050,200,1.5824,0.4200,0.2600,0.3200
iid_uniform__high,iid_uniform,high,0.036223,queue_order,joint_cobb_douglas_minus_decomposed_cobb_douglas,0.000000,0.000000,0.000000,0.0000,0.0000,0.0000,200,0.0000,0.0000,1.0000,0.0000
iid_uniform__high,iid_uniform,high,0.036223,queue_order,joint_ces_minus_drf,0.017604,0.011875,0.023229,0.8450,0.5700,1.1150,200,1.9624,0.5500,0.2550,0.1950
iid_uniform__high,iid_uniform,high,0.036223,queue_order,joint_linear_minus_drf,-0.479167,-0.486458,-0.471771,-23.0000,-23.3500,-22.6450,200,2.5788,0.0000,0.0000,1.0000
iid_uniform__high,iid_uniform,high,0.036223,local_opt,joint_leontief_minus_equal,0.016354,0.012188,0.020625,0.7850,0.5850,0.9900,200,1.4522,0.5750,0.2250,0.2000
iid_uniform__high,iid_uniform,high,0.036223,local_opt,joint_leontief_minus_drf,0.002917,-0.000313,0.006250,0.1400,-0.0150,0.3000,200,1.1491,0.3850,0.3250,0.2900
iid_uniform__high,iid_uniform,high,0.036223,local_opt,joint_cobb_douglas_minus_drf,0.006146,0.002708,0.009583,0.2950,0.1300,0.4600,200,1.1739,0.3950,0.3950,0.2100
iid_uniform__high,iid_uniform,high,0.036223,local_opt,decomposed_cobb_douglas_minus_drf,0.006146,0.002708,0.009479,0.2950,0.1300,0.4550,200,1.1739,0.3950,0.3950,0.2100
iid_uniform__high,iid_uniform,high,0.036223,local_opt,joint_cobb_douglas_minus_decomposed_cobb_douglas,0.000000,0.000000,0.000000,0.0000,0.0000,0.0000,200,0.0000,0.0000,1.0000,0.0000
iid_uniform__high,iid_uniform,high,0.036223,local_opt,joint_ces_minus_drf,0.006250,0.002602,0.010000,0.3000,0.1249,0.4800,200,1.2884,0.4100,0.3400,0.2500
iid_uniform__high,iid_uniform,high,0.036223,local_opt,joint_linear_minus_drf,-0.563333,-0.569688,-0.556875,-27.0400,-27.3450,-26.7300,200,2.2042,0.0000,0.0000,1.0000
dirichlet_3.0__high,dirichlet_3.0,high,0.048005,queue_order,joint_leontief_minus_equal,0.028646,0.023750,0.033542,1.3750,1.1400,1.6100,200,1.7217,0.7000,0.1600,0.1400
dirichlet_3.0__high,dirichlet_3.0,high,0.048005,queue_order,joint_leontief_minus_drf,0.007708,0.003021,0.012188,0.3700,0.1450,0.5850,200,1.5947,0.4750,0.2350,0.2900
dirichlet_3.0__high,dirichlet_3.0,high,0.048005,queue_order,joint_cobb_douglas_minus_drf,0.010104,0.004792,0.015417,0.4850,0.2300,0.7400,200,1.8083,0.4950,0.2450,0.2600
dirichlet_3.0__high,dirichlet_3.0,high,0.048005,queue_order,decomposed_cobb_douglas_minus_drf,0.010104,0.004792,0.015417,0.4850,0.2300,0.7400,200,1.8083,0.4950,0.2450,0.2600
dirichlet_3.0__high,dirichlet_3.0,high,0.048005,queue_order,joint_cobb_douglas_minus_decomposed_cobb_douglas,0.000000,0.000000,0.000000,0.0000,0.0000,0.0000,200,0.0000,0.0000,1.0000,0.0000
dirichlet_3.0__high,dirichlet_3.0,high,0.048005,queue_order,joint_ces_minus_drf,0.022917,0.017604,0.028438,1.1000,0.8450,1.3650,200,1.8735,0.6350,0.1750,0.1900
dirichlet_3.0__high,dirichlet_3.0,high,0.048005,queue_order,joint_linear_minus_drf,-0.482187,-0.489792,-0.474792,-23.1450,-23.5100,-22.7900,200,2.6027,0.0000,0.0000,1.0000
dirichlet_3.0__high,dirichlet_3.0,high,0.048005,local_opt,joint_leontief_minus_equal,0.029896,0.025729,0.034167,1.4350,1.2350,1.6400,200,1.4885,0.7450,0.1500,0.1050
dirichlet_3.0__high,dirichlet_3.0,high,0.048005,local_opt,joint_leontief_minus_drf,0.006979,0.003229,0.010729,0.3350,0.1550,0.5150,200,1.3011,0.4300,0.3100,0.2600
dirichlet_3.0__high,dirichlet_3.0,high,0.048005,local_opt,joint_cobb_douglas_minus_drf,0.009167,0.005417,0.012917,0.4400,0.2600,0.6200,200,1.2714,0.4750,0.2750,0.2500
dirichlet_3.0__high,dirichlet_3.0,high,0.048005,local_opt,decomposed_cobb_douglas_minus_drf,0.009167,0.005417,0.012812,0.4400,0.2600,0.6150,200,1.2714,0.4750,0.2750,0.2500
dirichlet_3.0__high,dirichlet_3.0,high,0.048005,local_opt,joint_cobb_douglas_minus_decomposed_cobb_douglas,0.000000,0.000000,0.000000,0.0000,0.0000,0.0000,200,0.0000,0.0000,1.0000,0.0000
dirichlet_3.0__high,dirichlet_3.0,high,0.048005,local_opt,joint_ces_minus_drf,0.011875,0.008021,0.015729,0.5700,0.3850,0.7550,200,1.3398,0.5050,0.3050,0.1900
dirichlet_3.0__high,dirichlet_3.0,high,0.048005,local_opt,joint_linear_minus_drf,-0.551146,-0.558125,-0.544167,-26.4550,-26.7900,-26.1200,200,2.4203,0.0000,0.0000,1.0000
dirichlet_1.0__high,dirichlet_1.0,high,0.065045,queue_order,joint_leontief_minus_equal,0.041979,0.036354,0.047708,2.0150,1.7450,2.2900,200,1.9659,0.7900,0.1050,0.1050
dirichlet_1.0__high,dirichlet_1.0,high,0.065045,queue_order,joint_leontief_minus_drf,0.006875,0.001979,0.011667,0.3300,0.0950,0.5600,200,1.6617,0.4850,0.1900,0.3250
dirichlet_1.0__high,dirichlet_1.0,high,0.065045,queue_order,joint_cobb_douglas_minus_drf,0.014583,0.009479,0.019688,0.7000,0.4550,0.9450,200,1.7776,0.5450,0.2200,0.2350
dirichlet_1.0__high,dirichlet_1.0,high,0.065045,queue_order,decomposed_cobb_douglas_minus_drf,0.014583,0.009479,0.019688,0.7000,0.4550,0.9450,200,1.7776,0.5450,0.2200,0.2350
dirichlet_1.0__high,dirichlet_1.0,high,0.065045,queue_order,joint_cobb_douglas_minus_decomposed_cobb_douglas,0.000000,0.000000,0.000000,0.0000,0.0000,0.0000,200,0.0000,0.0000,1.0000,0.0000
dirichlet_1.0__high,dirichlet_1.0,high,0.065045,queue_order,joint_ces_minus_drf,0.012917,0.006875,0.019167,0.6200,0.3300,0.9200,200,2.1461,0.5400,0.2000,0.2600
dirichlet_1.0__high,dirichlet_1.0,high,0.065045,queue_order,joint_linear_minus_drf,-0.483125,-0.489687,-0.476560,-23.1900,-23.5050,-22.8749,200,2.3074,0.0000,0.0000,1.0000
dirichlet_1.0__high,dirichlet_1.0,high,0.065045,local_opt,joint_leontief_minus_equal,0.039583,0.034792,0.044375,1.9000,1.6700,2.1300,200,1.6912,0.7900,0.1300,0.0800
dirichlet_1.0__high,dirichlet_1.0,high,0.065045,local_opt,joint_leontief_minus_drf,0.013229,0.009271,0.017083,0.6350,0.4450,0.8200,200,1.3571,0.5150,0.2850,0.2000
dirichlet_1.0__high,dirichlet_1.0,high,0.065045,local_opt,joint_cobb_douglas_minus_drf,0.018542,0.014271,0.022812,0.8900,0.6850,1.0950,200,1.4893,0.6150,0.1800,0.2050
dirichlet_1.0__high,dirichlet_1.0,high,0.065045,local_opt,decomposed_cobb_douglas_minus_drf,0.018542,0.014167,0.022812,0.8900,0.6800,1.0950,200,1.4893,0.6150,0.1800,0.2050
dirichlet_1.0__high,dirichlet_1.0,high,0.065045,local_opt,joint_cobb_douglas_minus_decomposed_cobb_douglas,0.000000,0.000000,0.000000,0.0000,0.0000,0.0000,200,0.0000,0.0000,1.0000,0.0000
dirichlet_1.0__high,dirichlet_1.0,high,0.065045,local_opt,joint_ces_minus_drf,0.009792,0.005104,0.014479,0.4700,0.2450,0.6950,200,1.6245,0.5350,0.1800,0.2850
dirichlet_1.0__high,dirichlet_1.0,high,0.065045,local_opt,joint_linear_minus_drf,-0.529479,-0.535729,-0.523333,-25.4150,-25.7150,-25.1200,200,2.1617,0.0000,0.0000,1.0000
dirichlet_0.3__high,dirichlet_0.3,high,0.092433,queue_order,joint_leontief_minus_equal,0.058125,0.052500,0.063854,2.7900,2.5200,3.0650,200,1.9889,0.8950,0.0700,0.0350
dirichlet_0.3__high,dirichlet_0.3,high,0.092433,queue_order,joint_leontief_minus_drf,0.024792,0.019896,0.029583,1.1900,0.9550,1.4200,200,1.6625,0.6850,0.1650,0.1500
dirichlet_0.3__high,dirichlet_0.3,high,0.092433,queue_order,joint_cobb_douglas_minus_drf,0.028542,0.023438,0.033646,1.3700,1.1250,1.6150,200,1.7925,0.6700,0.1600,0.1700
dirichlet_0.3__high,dirichlet_0.3,high,0.092433,queue_order,decomposed_cobb_douglas_minus_drf,0.028750,0.023542,0.033958,1.3800,1.1300,1.6300,200,1.8016,0.6700,0.1600,0.1700
dirichlet_0.3__high,dirichlet_0.3,high,0.092433,queue_order,joint_cobb_douglas_minus_decomposed_cobb_douglas,-0.000208,-0.000625,0.000000,-0.0100,-0.0300,0.0000,200,0.1411,0.0000,0.9950,0.0050
dirichlet_0.3__high,dirichlet_0.3,high,0.092433,queue_order,joint_ces_minus_drf,-0.007396,-0.016042,0.001044,-0.3550,-0.7700,0.0501,200,2.9881,0.4050,0.1900,0.4050
dirichlet_0.3__high,dirichlet_0.3,high,0.092433,queue_order,joint_linear_minus_drf,-0.474583,-0.482396,-0.466875,-22.7800,-23.1550,-22.4100,200,2.7021,0.0000,0.0000,1.0000
dirichlet_0.3__high,dirichlet_0.3,high,0.092433,local_opt,joint_leontief_minus_equal,0.051146,0.046250,0.055937,2.4550,2.2200,2.6850,200,1.6906,0.8750,0.0950,0.0300
dirichlet_0.3__high,dirichlet_0.3,high,0.092433,local_opt,joint_leontief_minus_drf,0.024479,0.019792,0.028958,1.1750,0.9500,1.3900,200,1.5982,0.6400,0.2000,0.1600
dirichlet_0.3__high,dirichlet_0.3,high,0.092433,local_opt,joint_cobb_douglas_minus_drf,0.030729,0.026250,0.035312,1.4750,1.2600,1.6950,200,1.5618,0.7150,0.1750,0.1100
dirichlet_0.3__high,dirichlet_0.3,high,0.092433,local_opt,decomposed_cobb_douglas_minus_drf,0.030729,0.026146,0.035208,1.4750,1.2550,1.6900,200,1.5618,0.7150,0.1750,0.1100
dirichlet_0.3__high,dirichlet_0.3,high,0.092433,local_opt,joint_cobb_douglas_minus_decomposed_cobb_douglas,0.000000,0.000000,0.000000,0.0000,0.0000,0.0000,200,0.0000,0.0000,1.0000,0.0000
dirichlet_0.3__high,dirichlet_0.3,high,0.092433,local_opt,joint_ces_minus_drf,-0.009063,-0.017292,-0.001146,-0.4350,-0.8300,-0.0550,200,2.7415,0.3950,0.1950,0.4100
dirichlet_0.3__high,dirichlet_0.3,high,0.092433,local_opt,joint_linear_minus_drf,-0.502604,-0.510000,-0.495417,-24.1250,-24.4800,-23.7800,200,2.5396,0.0000,0.0000,1.0000
dirichlet_0.1__high,dirichlet_0.1,high,0.116740,queue_order,joint_leontief_minus_equal,0.071875,0.066354,0.077396,3.4500,3.1850,3.7150,200,1.9307,0.9150,0.0800,0.0050
dirichlet_0.1__high,dirichlet_0.1,high,0.116740,queue_order,joint_leontief_minus_drf,0.036875,0.031354,0.042604,1.7700,1.5050,2.0450,200,2.0093,0.7400,0.1300,0.1300
dirichlet_0.1__high,dirichlet_0.1,high,0.116740,queue_order,joint_cobb_douglas_minus_drf,0.035000,0.029167,0.040938,1.6800,1.4000,1.9650,200,2.0439,0.7200,0.1450,0.1350
dirichlet_0.1__high,dirichlet_0.1,high,0.116740,queue_order,decomposed_cobb_douglas_minus_drf,0.034896,0.028958,0.040732,1.6750,1.3900,1.9551,200,2.0395,0.7200,0.1450,0.1350
dirichlet_0.1__high,dirichlet_0.1,high,0.116740,queue_order,joint_cobb_douglas_minus_decomposed_cobb_douglas,0.000104,0.000000,0.000313,0.0050,0.0000,0.0150,200,0.0705,0.0050,0.9950,0.0000
dirichlet_0.1__high,dirichlet_0.1,high,0.116740,queue_order,joint_ces_minus_drf,-0.053021,-0.064792,-0.041771,-2.5450,-3.1100,-2.0050,200,3.9367,0.2250,0.1150,0.6600
dirichlet_0.1__high,dirichlet_0.1,high,0.116740,queue_order,joint_linear_minus_drf,-0.461354,-0.470208,-0.452081,-22.1450,-22.5700,-21.6999,200,3.1991,0.0000,0.0000,1.0000
dirichlet_0.1__high,dirichlet_0.1,high,0.116740,local_opt,joint_leontief_minus_equal,0.066875,0.061458,0.072188,3.2100,2.9500,3.4650,200,1.8319,0.9100,0.0750,0.0150
dirichlet_0.1__high,dirichlet_0.1,high,0.116740,local_opt,joint_leontief_minus_drf,0.039479,0.033854,0.045104,1.8950,1.6250,2.1650,200,1.9298,0.7850,0.1050,0.1100
dirichlet_0.1__high,dirichlet_0.1,high,0.116740,local_opt,joint_cobb_douglas_minus_drf,0.037188,0.031563,0.042604,1.7850,1.5150,2.0450,200,1.9023,0.7650,0.1200,0.1150
dirichlet_0.1__high,dirichlet_0.1,high,0.116740,local_opt,decomposed_cobb_douglas_minus_drf,0.037188,0.031563,0.042813,1.7850,1.5150,2.0550,200,1.9023,0.7650,0.1200,0.1150
dirichlet_0.1__high,dirichlet_0.1,high,0.116740,local_opt,joint_cobb_douglas_minus_decomposed_cobb_douglas,0.000000,0.000000,0.000000,0.0000,0.0000,0.0000,200,0.0000,0.0000,1.0000,0.0000
dirichlet_0.1__high,dirichlet_0.1,high,0.116740,local_opt,joint_ces_minus_drf,-0.053125,-0.064479,-0.041771,-2.5500,-3.0950,-2.0050,200,3.9354,0.2300,0.1400,0.6300
dirichlet_0.1__high,dirichlet_0.1,high,0.116740,local_opt,joint_linear_minus_drf,-0.470833,-0.479687,-0.461667,-22.6000,-23.0250,-22.1600,200,3.1591,0.0000,0.0000,1.0000
dirichlet_0.03__high,dirichlet_0.03,high,0.124803,queue_order,joint_leontief_minus_equal,0.066354,0.060417,0.072500,3.1850,2.9000,3.4800,200,2.1286,0.8500,0.1350,0.0150
dirichlet_0.03__high,dirichlet_0.03,high,0.124803,queue_order,joint_leontief_minus_drf,0.037396,0.030729,0.043854,1.7950,1.4750,2.1050,200,2.2744,0.7100,0.1100,0.1800
dirichlet_0.03__high,dirichlet_0.03,high,0.124803,queue_order,joint_cobb_douglas_minus_drf,0.029375,0.022708,0.035938,1.4100,1.0900,1.7250,200,2.3004,0.6150,0.1950,0.1900
dirichlet_0.03__high,dirichlet_0.03,high,0.124803,queue_order,decomposed_cobb_douglas_minus_drf,0.029479,0.022914,0.036146,1.4150,1.0999,1.7350,200,2.3049,0.6150,0.1950,0.1900
dirichlet_0.03__high,dirichlet_0.03,high,0.124803,queue_order,joint_cobb_douglas_minus_decomposed_cobb_douglas,-0.000104,-0.000521,0.000208,-0.0050,-0.0250,0.0100,200,0.1224,0.0050,0.9850,0.0100
dirichlet_0.03__high,dirichlet_0.03,high,0.124803,queue_order,joint_ces_minus_drf,-0.084479,-0.096771,-0.072188,-4.0550,-4.6450,-3.4650,200,4.2944,0.1000,0.0900,0.8100
dirichlet_0.03__high,dirichlet_0.03,high,0.124803,queue_order,joint_linear_minus_drf,-0.455104,-0.467292,-0.442917,-21.8450,-22.4300,-21.2600,200,4.2498,0.0000,0.0000,1.0000
dirichlet_0.03__high,dirichlet_0.03,high,0.124803,local_opt,joint_leontief_minus_equal,0.064479,0.058438,0.070419,3.0950,2.8050,3.3801,200,2.1038,0.8350,0.1450,0.0200
dirichlet_0.03__high,dirichlet_0.03,high,0.124803,local_opt,joint_leontief_minus_drf,0.038438,0.031872,0.045000,1.8450,1.5299,2.1600,200,2.2585,0.7050,0.1250,0.1700
dirichlet_0.03__high,dirichlet_0.03,high,0.124803,local_opt,joint_cobb_douglas_minus_drf,0.033333,0.026875,0.039896,1.6000,1.2900,1.9150,200,2.2472,0.6400,0.1850,0.1750
dirichlet_0.03__high,dirichlet_0.03,high,0.124803,local_opt,decomposed_cobb_douglas_minus_drf,0.033438,0.026875,0.040104,1.6050,1.2900,1.9250,200,2.2537,0.6350,0.1900,0.1750
dirichlet_0.03__high,dirichlet_0.03,high,0.124803,local_opt,joint_cobb_douglas_minus_decomposed_cobb_douglas,-0.000104,-0.000521,0.000208,-0.0050,-0.0250,0.0100,200,0.1224,0.0050,0.9850,0.0100
dirichlet_0.03__high,dirichlet_0.03,high,0.124803,local_opt,joint_ces_minus_drf,-0.083750,-0.096667,-0.071042,-4.0200,-4.6400,-3.4100,200,4.2988,0.1050,0.0900,0.8050
dirichlet_0.03__high,dirichlet_0.03,high,0.124803,local_opt,joint_linear_minus_drf,-0.457813,-0.469687,-0.445417,-21.9750,-22.5450,-21.3800,200,4.2584,0.0000,0.0000,1.0000
