cell,rule,metric,median,iqr_lo,iqr_hi,p5,p95,mean,n
s=0.0,equal,objective_regret,3.307987729183292,2.7827542143645623,4.551278339806778,1.5841445827732126,5.235818919359677,3.513955109874985,15
s=0.0,equal,mean_norm_util,0.125,0.125,0.125,0.125,0.125,0.125,15
s=0.0,equal,min_norm_util,0.125,0.125,0.125,0.125,0.125,0.125,15
s=0.0,equal,median_norm_util,0.125,0.125,0.125,0.125,0.125,0.125,15
s=0.0,equal,frac_worse_than_equal,0.0,0.0,0.0,0.0,0.0,0.0,15
s=0.0,equal,frac_worse_than_strongest_sep,0.75,0.75,0.875,0.55,1.0,0.7916666666666666,15
s=0.0,equal,worst_indiv_change_vs_equal,0.0,0.0,0.0,0.0,0.0,0.0,15
s=0.0,equal,p5_indiv_change_vs_equal,0.0,0.0,0.0,0.0,0.0,0.0,15
s=0.0,equal,capacity_utilization,1.0,1.0,1.0,1.0,1.0,1.0,15
s=0.0,equal,frac_cells_at_lower,0.0,0.0,0.0,0.0,0.0,0.0,15
s=0.0,equal,frac_cells_interior,1.0,1.0,1.0,1.0,1.0,1.0,15
s=0.0,equal,frac_cells_at_upper,0.0,0.0,0.0,0.0,0.0,0.0,15
s=0.0,joint,objective_regret,0.0,0.0,0.0,0.0,0.0,0.0,15
s=0.0,joint,mean_norm_util,0.1906371914105282,0.1787673293623694,0.22334698198143876,0.1545227351385385,0.24770320402122073,0.20189268699984886,15
s=0.0,joint,min_norm_util,0.1494713756623505,0.14473065730354115,0.16277812093337757,0.13543843539573386,0.1834277278625196,0.15527652875158732,15
s=0.0,joint,median_norm_util,0.1794374420415783,0.16646182126870274,0.21369832583225645,0.14972461378380697,0.23681860895585194,0.18893921700594526,15
s=0.0,joint,frac_worse_than_equal,0.0,0.0,0.0,0.0,0.0,0.0,15
s=0.0,joint,frac_worse_than_strongest_sep,0.375,0.25,0.375,0.25,0.5,0.35,15
s=0.0,joint,worst_indiv_change_vs_equal,0.0244713756623505,0.01973065730354115,0.037778120933377554,0.01043843539573386,0.058427727862519624,0.030276528751587335,15
s=0.0,joint,p5_indiv_change_vs_equal,0.0282312446195509,0.0227632830789797,0.0410140045064463,0.013524986320606822,0.0682533262123398,0.034285319554506456,15
s=0.0,joint,capacity_utilization,0.9999999991369402,0.9999999990315969,0.9999999993796611,0.9999999989382634,0.9999999996308999,0.9999999992269137,15
s=0.0,joint,frac_cells_at_lower,0.65625,0.65625,0.6875,0.646875,0.71875,0.6729166666666667,15
s=0.0,joint,frac_cells_interior,0.34375,0.3125,0.34375,0.28125,0.35312499999999997,0.32708333333333334,15
s=0.0,joint,frac_cells_at_upper,0.0,0.0,0.0,0.0,0.0,0.0,15
s=0.0,oracle_envelope,objective_regret,0.608728500263215,0.4863909861691713,0.7061631566331652,0.35070008469890646,0.7763737609357774,0.5876707383968082,15
s=0.0,oracle_envelope,mean_norm_util,0.1906295617196419,0.17378394258431415,0.22346996963911758,0.14880726983472023,0.2529041502206671,0.19910916755150093,15
s=0.0,oracle_envelope,min_norm_util,0.1130206611464036,0.10250284616346239,0.12042394775231449,0.08457528883175736,0.13244585154064412,0.11057903341701718,15
s=0.0,oracle_envelope,median_norm_util,0.1501624793363132,0.14215410582530336,0.20393551241622376,0.13376314880588075,0.22428722261799158,0.16901482991434866,15
s=0.0,oracle_envelope,frac_worse_than_equal,0.125,0.125,0.25,0.0,0.375,0.16666666666666666,15
s=0.0,oracle_envelope,frac_worse_than_strongest_sep,0.0,0.0,0.0,0.0,0.44999999999999973,0.08333333333333333,15
s=0.0,oracle_envelope,worst_indiv_change_vs_equal,-0.0119793388535963,-0.02249715383653755,-0.0045760522476854,-0.04042471116824255,0.007445851540644102,-0.014420966582982774,15
s=0.0,oracle_envelope,p5_indiv_change_vs_equal,-0.0063475306474194,-0.018911872127361652,0.0009014336090061,-0.03402854396428741,0.014927063973307227,-0.008544970635851822,15
s=0.0,oracle_envelope,capacity_utilization,1.0,1.0,1.0,0.9999999999999999,1.0,1.0,15
s=0.0,oracle_envelope,frac_cells_at_lower,0.0,0.0,0.0,0.0,0.04062499999999997,0.008333333333333333,15
s=0.0,oracle_envelope,frac_cells_interior,1.0,1.0,1.0,0.959375,1.0,0.9916666666666667,15
s=0.0,oracle_envelope,frac_cells_at_upper,0.0,0.0,0.0,0.0,0.0,0.0,15
s=0.0,proportional_gamma1,objective_regret,1.677914521810404,1.5243315747113488,1.914533015399659,1.113701675042138,2.1660588543472135,1.6887296464010573,15
s=0.0,proportional_gamma1,mean_norm_util,0.1555568864165094,0.14615703994175433,0.1740604225431311,0.13362562452964102,0.1845172663996172,0.16009091380046936,15
s=0.0,proportional_gamma1,min_norm_util,0.1324800464647648,0.13060810155614333,0.14343131936226225,0.1262511486036084,0.15693857295083866,0.13783284378510582,15
s=0.0,proportional_gamma1,median_norm_util,0.1439230736606521,0.1396449563454833,0.1652055682518204,0.13097127228341568,0.17882885871281531,0.15140281949715154,15
s=0.0,proportional_gamma1,frac_worse_than_equal,0.0,0.0,0.0,0.0,0.0,0.0,15
s=0.0,proportional_gamma1,frac_worse_than_strongest_sep,0.625,0.5625,0.75,0.4625,0.75,0.6333333333333333,15
s=0.0,proportional_gamma1,worst_indiv_change_vs_equal,0.0074800464647648,0.00560810155614335,0.01843131936226225,0.00125114860360839,0.031938572950838656,0.012832843785105805,15
s=0.0,proportional_gamma1,p5_indiv_change_vs_equal,0.0091198614216369,0.00666782606654975,0.0188269420728008,0.00141963237180179,0.03446536754337814,0.013916440814370499,15
s=0.0,proportional_gamma1,capacity_utilization,1.0,1.0,1.0,1.0,1.0,1.0,15
s=0.0,proportional_gamma1,frac_cells_at_lower,0.0,0.0,0.0,0.0,0.0,0.0,15
s=0.0,proportional_gamma1,frac_cells_interior,1.0,1.0,1.0,1.0,1.0,1.0,15
s=0.0,proportional_gamma1,frac_cells_at_upper,0.0,0.0,0.0,0.0,0.0,0.0,15
s=0.0,tuned_gamma4.0,objective_regret,0.608728500263215,0.5145926332067852,0.7061631566331652,0.40942142786538227,0.8121068748055734,0.6122764170450308,15
s=0.0,tuned_gamma4.0,mean_norm_util,0.1906295617196419,0.17378394258431415,0.22434966929525924,0.1542781797846704,0.2529041502206671,0.20107724011050468,15
s=0.0,tuned_gamma4.0,min_norm_util,0.1051339770388623,0.09238389350275475,0.11444923284752045,0.08457528883175736,0.13244585154064412,0.10678032139464047,15
s=0.0,tuned_gamma4.0,median_norm_util,0.1501624793363132,0.14490163490776375,0.20393551241622376,0.13206419777368864,0.22428722261799158,0.1692662291069979,15
s=0.0,tuned_gamma4.0,frac_worse_than_equal,0.25,0.125,0.25,0.0,0.44999999999999973,0.20833333333333334,15
s=0.0,tuned_gamma4.0,frac_worse_than_strongest_sep,0.0,0.0,0.0,0.0,0.0,0.0,15
s=0.0,tuned_gamma4.0,worst_indiv_change_vs_equal,-0.0198660229611376,-0.032616106497245154,-0.01055076715247945,-0.04042471116824255,0.007445851540644102,-0.01821967860535946,15
s=0.0,tuned_gamma4.0,p5_indiv_change_vs_equal,-0.0126997908264295,-0.02718595109196765,-0.0017489281382925999,-0.03414162919967571,0.014927063973307227,-0.012554082412833466,15
s=0.0,tuned_gamma4.0,capacity_utilization,1.0,1.0,1.0,0.9999999999999999,1.0,1.0,15
s=0.0,tuned_gamma4.0,frac_cells_at_lower,0.0,0.0,0.0,0.0,0.03125,0.004166666666666667,15
s=0.0,tuned_gamma4.0,frac_cells_interior,1.0,1.0,1.0,0.96875,1.0,0.9958333333333333,15
s=0.0,tuned_gamma4.0,frac_cells_at_upper,0.0,0.0,0.0,0.0,0.0,0.0,15
s=0.5,equal,objective_regret,3.587173668707166,3.0695486427112417,4.53550295341674,2.582087577180002,5.18840544897114,3.8444880337619756,15
s=0.5,equal,mean_norm_util,0.125,0.125,0.125,0.125,0.125,0.125,15
s=0.5,equal,min_norm_util,0.125,0.125,0.125,0.125,0.125,0.125,15
s=0.5,equal,median_norm_util,0.125,0.125,0.125,0.125,0.125,0.125,15
s=0.5,equal,frac_worse_than_equal,0.0,0.0,0.0,0.0,0.0,0.0,15
s=0.5,equal,frac_worse_than_strongest_sep,0.75,0.625,0.75,0.5875,0.875,0.7083333333333334,15
s=0.5,equal,worst_indiv_change_vs_equal,0.0,0.0,0.0,0.0,0.0,0.0,15
s=0.5,equal,p5_indiv_change_vs_equal,0.0,0.0,0.0,0.0,0.0,0.0,15
s=0.5,equal,capacity_utilization,1.0,1.0,1.0,1.0,1.0,1.0,15
s=0.5,equal,frac_cells_at_lower,0.0,0.0,0.0,0.0,0.0,0.0,15
s=0.5,equal,frac_cells_interior,1.0,1.0,1.0,1.0,1.0,1.0,15
s=0.5,equal,frac_cells_at_upper,0.0,0.0,0.0,0.0,0.0,0.0,15
s=0.5,joint,objective_regret,0.0,0.0,0.0,0.0,0.0,0.0,15
s=0.5,joint,mean_norm_util,0.206257121354129,0.18671896596840037,0.23112278922032414,0.17386937587585496,0.2417168507843929,0.2063999127400909,15
s=0.5,joint,min_norm_util,0.0864446082853186,0.08238975784918885,0.1074001963535307,0.07722105785749374,0.12408864040765405,0.09526831616538539,15
s=0.5,joint,median_norm_util,0.173564507557168,0.1678359198449259,0.1986313834050643,0.1634688224367969,0.22064692377001108,0.18415472223458915,15
s=0.5,joint,frac_worse_than_equal,0.125,0.125,0.25,0.08750000000000001,0.375,0.2,15
s=0.5,joint,frac_worse_than_strongest_sep,0.375,0.25,0.5,0.25,0.625,0.38333333333333336,15
s=0.5,joint,worst_indiv_change_vs_equal,-0.0385553917146813,-0.04261024215081105,-0.017599803646469202,-0.04777894214250616,-0.0009113595923458885,-0.02973168383461453,15
s=0.5,joint,p5_indiv_change_vs_equal,-0.0232436449029902,-0.03070704839410445,-0.010709740155289051,-0.04233556888614031,0.004202946344143244,-0.020917222370956667,15
s=0.5,joint,capacity_utilization,0.9999999991565796,0.9999999989520566,0.9999999994226387,0.9999999987740047,0.9999999996631871,0.999999999169477,15
s=0.5,joint,frac_cells_at_lower,0.6875,0.6875,0.6875,0.65625,0.71875,0.6875,15
s=0.5,joint,frac_cells_interior,0.3125,0.3125,0.3125,0.28125,0.34375,0.3125,15
s=0.5,joint,frac_cells_at_upper,0.0,0.0,0.0,0.0,0.0,0.0,15
s=0.5,oracle_envelope,objective_regret,0.5972039324357681,0.5349739913968801,0.6864443076557851,0.40110813655616256,0.8292324171485338,0.6120860794325296,15
s=0.5,oracle_envelope,mean_norm_util,0.2056155445019625,0.1834196844645853,0.2387756250361281,0.17093391741769984,0.24664842625224562,0.20808247145228675,15
s=0.5,oracle_envelope,min_norm_util,0.0718513372918912,0.0628918312139882,0.0884267591367944,0.05470499799632116,0.10004107526707287,0.07515949782556904,15
s=0.5,oracle_envelope,median_norm_util,0.177917702165383,0.16625163404443094,0.1923603960673575,0.14920785502224282,0.22520694176545364,0.18083348334931212,15
s=0.5,oracle_envelope,frac_worse_than_equal,0.25,0.25,0.375,0.125,0.41249999999999987,0.2833333333333333,15
s=0.5,oracle_envelope,frac_worse_than_strongest_sep,0.0,0.0,0.0,0.0,0.14999999999999947,0.03333333333333333,15
s=0.5,oracle_envelope,worst_indiv_change_vs_equal,-0.0531486627081087,-0.06210816878601175,-0.0365732408632055,-0.07029500200367875,-0.024958924732927032,-0.049840502174430874,15
s=0.5,oracle_envelope,p5_indiv_change_vs_equal,-0.0474134205303197,-0.051902573893415405,-0.0265611160941066,-0.05626625626026402,-0.018347064248623365,-0.04097187968420646,15
s=0.5,oracle_envelope,capacity_utilization,1.0,1.0,1.0,1.0,1.0,1.0,15
s=0.5,oracle_envelope,frac_cells_at_lower,0.0,0.0,0.0,0.0,0.03125,0.004166666666666667,15
s=0.5,oracle_envelope,frac_cells_interior,1.0,1.0,1.0,0.96875,1.0,0.9958333333333333,15
s=0.5,oracle_envelope,frac_cells_at_upper,0.0,0.0,0.0,0.0,0.0,0.0,15
s=0.5,proportional_gamma1,objective_regret,1.4686431656818968,1.3316832620794816,1.8302256140135125,1.222888667880439,2.1548728057116824,1.5711494179232632,15
s=0.5,proportional_gamma1,mean_norm_util,0.1600051532215415,0.15126398365110194,0.1736311419944729,0.14283763883884715,0.18364268480024631,0.161636016893787,15
s=0.5,proportional_gamma1,min_norm_util,0.0832417108695595,0.07579570427948559,0.09024941861592785,0.06583885122562617,0.10035799112735437,0.08306864869475575,15
s=0.5,proportional_gamma1,median_norm_util,0.1472083990705415,0.13869709051016976,0.15811881404063527,0.127796921660266,0.17645888540975282,0.1501186697603181,15
s=0.5,proportional_gamma1,frac_worse_than_equal,0.375,0.25,0.375,0.25,0.5,0.3416666666666667,15
s=0.5,proportional_gamma1,frac_worse_than_strongest_sep,0.625,0.5,0.6875,0.3375,0.7874999999999999,0.6,15
s=0.5,proportional_gamma1,worst_indiv_change_vs_equal,-0.0417582891304404,-0.049204295720514296,-0.034750581384072055,-0.059161148774373756,-0.02464200887264553,-0.04193135130524416,15
s=0.5,proportional_gamma1,p5_indiv_change_vs_equal,-0.036060478297641,-0.0435771009761637,-0.028204161090616048,-0.049264585059808845,-0.020933782929867514,-0.03524288952298639,15
s=0.5,proportional_gamma1,capacity_utilization,1.0,1.0,1.0,1.0,1.0000000000000002,1.0,15
s=0.5,proportional_gamma1,frac_cells_at_lower,0.0,0.0,0.0,0.0,0.0,0.0,15
s=0.5,proportional_gamma1,frac_cells_interior,1.0,1.0,1.0,1.0,1.0,1.0,15
s=0.5,proportional_gamma1,frac_cells_at_upper,0.0,0.0,0.0,0.0,0.0,0.0,15
s=0.5,tuned_gamma4.0,objective_regret,0.5972039324357681,0.5349739913968801,0.6995783632714208,0.40110813655616256,0.8292324171485338,0.6159761541331359,15
s=0.5,tuned_gamma4.0,mean_norm_util,0.2120950581031108,0.1834196844645853,0.2387756250361281,0.17093391741769984,0.24664842625224562,0.20952310095832452,15
s=0.5,tuned_gamma4.0,min_norm_util,0.0718513372918912,0.0628918312139882,0.0884267591367944,0.050970316260199176,0.10004107526707287,0.0745773240795693,15
s=0.5,tuned_gamma4.0,median_norm_util,0.1823392254832383,0.16625163404443094,0.19444101440966755,0.14920785502224282,0.22520694176545364,0.18297540410458016,15
s=0.5,tuned_gamma4.0,frac_worse_than_equal,0.25,0.25,0.375,0.125,0.41249999999999987,0.2916666666666667,15
s=0.5,tuned_gamma4.0,frac_worse_than_strongest_sep,0.0,0.0,0.0,0.0,0.0,0.0,15
s=0.5,tuned_gamma4.0,worst_indiv_change_vs_equal,-0.0531486627081087,-0.06210816878601175,-0.0365732408632055,-0.07402968373980075,-0.024958924732927032,-0.05042267592043063,15
s=0.5,tuned_gamma4.0,p5_indiv_change_vs_equal,-0.0474134205303197,-0.051902573893415405,-0.0265611160941066,-0.05816350634729058,-0.018347064248623365,-0.041467741841517504,15
s=0.5,tuned_gamma4.0,capacity_utilization,1.0,1.0,1.0,1.0,1.0,1.0,15
s=0.5,tuned_gamma4.0,frac_cells_at_lower,0.0,0.0,0.0,0.0,0.03125,0.004166666666666667,15
s=0.5,tuned_gamma4.0,frac_cells_interior,1.0,1.0,1.0,0.96875,1.0,0.9958333333333333,15
s=0.5,tuned_gamma4.0,frac_cells_at_upper,0.0,0.0,0.0,0.0,0.0,0.0,15
s=1.0,equal,objective_regret,5.24303259102571,3.5803305128431617,7.289354012015453,2.5474797158240263,12.860966554071066,6.1678889598643645,15
s=1.0,equal,mean_norm_util,0.125,0.125,0.125,0.125,0.125,0.125,15
s=1.0,equal,min_norm_util,0.125,0.125,0.125,0.125,0.125,0.125,15
s=1.0,equal,median_norm_util,0.125,0.125,0.125,0.125,0.125,0.125,15
s=1.0,equal,frac_worse_than_equal,0.0,0.0,0.0,0.0,0.0,0.0,15
s=1.0,equal,frac_worse_than_strongest_sep,0.5,0.375,0.6875,0.25,0.7874999999999999,0.5333333333333333,15
s=1.0,equal,worst_indiv_change_vs_equal,0.0,0.0,0.0,0.0,0.0,0.0,15
s=1.0,equal,p5_indiv_change_vs_equal,0.0,0.0,0.0,0.0,0.0,0.0,15
s=1.0,equal,capacity_utilization,1.0,1.0,1.0,1.0,1.0,1.0,15
s=1.0,equal,frac_cells_at_lower,0.0,0.0,0.0,0.0,0.0,0.0,15
s=1.0,equal,frac_cells_interior,1.0,1.0,1.0,1.0,1.0,1.0,15
s=1.0,equal,frac_cells_at_upper,0.0,0.0,0.0,0.0,0.0,0.0,15
s=1.0,joint,objective_regret,0.0,0.0,0.0,0.0,0.0,0.0,15
s=1.0,joint,mean_norm_util,0.1885398108810198,0.17403276517052504,0.2035321339036271,0.14686292777898413,0.23392964971422867,0.18887293237861735,15
s=1.0,joint,min_norm_util,0.0368624246032452,0.0197973340764062,0.0483575572060847,0.01236108431525379,0.06651680698145263,0.03624261696629843,15
s=1.0,joint,median_norm_util,0.1454026963689841,0.1186500976244306,0.17817888609335045,0.08809398725694007,0.2138646086668986,0.14864282281500107,15
s=1.0,joint,frac_worse_than_equal,0.5,0.375,0.5,0.3375,0.75,0.48333333333333334,15
s=1.0,joint,frac_worse_than_strongest_sep,0.5,0.375,0.5625,0.375,0.6624999999999999,0.5,15
s=1.0,joint,worst_indiv_change_vs_equal,-0.0881375753967547,-0.1052026659235937,-0.07664244279391524,-0.11263891568474611,-0.05848319301854727,-0.08875738303370145,15
s=1.0,joint,p5_indiv_change_vs_equal,-0.0797588293312711,-0.09697960132135006,-0.069436571169104,-0.11000034190852391,-0.05337543294557223,-0.08125988196365853,15
s=1.0,joint,capacity_utilization,0.9999999991521092,0.9999999987689846,0.9999999992653561,0.9999999985319107,0.9999999996558688,0.9999999990518152,15
s=1.0,joint,frac_cells_at_lower,0.6875,0.6875,0.6875,0.678125,0.71875,0.6895833333333333,15
s=1.0,joint,frac_cells_interior,0.3125,0.3125,0.3125,0.28125,0.32187499999999997,0.3104166666666667,15
s=1.0,joint,frac_cells_at_upper,0.0,0.0,0.0,0.0,0.0,0.0,15
s=1.0,oracle_envelope,objective_regret,0.6319341916646515,0.4116515905566613,0.9398557307298798,0.32557451769224455,1.3733671695993834,0.7185472805148163,15
s=1.0,oracle_envelope,mean_norm_util,0.1847655657312131,0.17012883661401274,0.19928723738191734,0.14109435946745844,0.23719789150404808,0.18707213015061924,15
s=1.0,oracle_envelope,min_norm_util,0.0351768466326374,0.02313039468872665,0.05175282779468545,0.01916575722438969,0.07160927302179115,0.03921531137110036,15
s=1.0,oracle_envelope,median_norm_util,0.1478990822950098,0.11345265773863661,0.17954153166117187,0.09276913161151175,0.21156609513264724,0.1507556814935847,15
s=1.0,oracle_envelope,frac_worse_than_equal,0.5,0.3125,0.5625,0.21250000000000002,0.75,0.4583333333333333,15
s=1.0,oracle_envelope,frac_worse_than_strongest_sep,0.0,0.0,0.375,0.0,0.75,0.18333333333333332,15
s=1.0,oracle_envelope,worst_indiv_change_vs_equal,-0.0898231533673625,-0.10186960531127326,-0.07324717220531445,-0.10583424277561021,-0.05339072697820874,-0.08578468862889956,15
s=1.0,oracle_envelope,p5_indiv_change_vs_equal,-0.0822796195786269,-0.09305757074283495,-0.06243904442270225,-0.10292614714060916,-0.039032677980351996,-0.07650578790457935,15
s=1.0,oracle_envelope,capacity_utilization,1.0,1.0,1.0,1.0,1.0,1.0,15
s=1.0,oracle_envelope,frac_cells_at_lower,0.0,0.0,0.0,0.0,0.04062499999999997,0.008333333333333333,15
s=1.0,oracle_envelope,frac_cells_interior,1.0,1.0,1.0,0.959375,1.0,0.9916666666666667,15
s=1.0,oracle_envelope,frac_cells_at_upper,0.0,0.0,0.0,0.0,0.0,0.0,15
s=1.0,proportional_gamma1,objective_regret,1.4215136574458285,0.9707755299361134,1.7035579458600427,0.8497973749689421,2.012020443092547,1.3812931668150579,15
s=1.0,proportional_gamma1,mean_norm_util,0.1519034136651051,0.14336182344475717,0.16453438022888522,0.12893787726886036,0.17980329132177517,0.15352088232503194,15
s=1.0,proportional_gamma1,min_norm_util,0.0328025479597653,0.023705942507014147,0.04094674505948025,0.01793143840741558,0.056670929487412806,0.03423075327725362,15
s=1.0,proportional_gamma1,median_norm_util,0.1065644270188298,0.09601023578521775,0.1388113872702314,0.07654315188428362,0.17564658426246393,0.11762855954032342,15
s=1.0,proportional_gamma1,frac_worse_than_equal,0.625,0.4375,0.625,0.375,0.7874999999999999,0.5583333333333333,15
s=1.0,proportional_gamma1,frac_worse_than_strongest_sep,0.625,0.625,0.75,0.375,0.7874999999999999,0.6416666666666667,15
s=1.0,proportional_gamma1,worst_indiv_change_vs_equal,-0.0921974520402346,-0.10129405749298576,-0.0840532549405197,-0.10706856159258435,-0.06832907051258709,-0.0907692467227463,15
s=1.0,proportional_gamma1,p5_indiv_change_vs_equal,-0.083084558744081,-0.09374759579946104,-0.07712108403029605,-0.10548430927577775,-0.06249958338636098,-0.08466511981788057,15
s=1.0,proportional_gamma1,capacity_utilization,1.0,1.0,1.0,1.0,1.0,1.0,15
s=1.0,proportional_gamma1,frac_cells_at_lower,0.0,0.0,0.0,0.0,0.0,0.0,15
s=1.0,proportional_gamma1,frac_cells_interior,1.0,1.0,1.0,1.0,1.0,1.0,15
s=1.0,proportional_gamma1,frac_cells_at_upper,0.0,0.0,0.0,0.0,0.0,0.0,15
s=1.0,tuned_gamma4.0,objective_regret,0.6406932268988719,0.4116515905566613,1.201778614260288,0.32557451769224455,1.3733671695993834,0.7770337065472268,15
s=1.0,tuned_gamma4.0,mean_norm_util,0.19829182809049,0.1728773757162848,0.22814811712924654,0.14109435946745844,0.25107296815299973,0.19615677869645742,15
s=1.0,tuned_gamma4.0,min_norm_util,0.0308642037067961,0.024742953005213703,0.05054486523423505,0.01916575722438969,0.07160927302179115,0.03860186445487943,15
s=1.0,tuned_gamma4.0,median_norm_util,0.1663342091883766,0.1064625102020213,0.1964036823769639,0.09276913161151175,0.21947811831986289,0.15793028942644963,15
s=1.0,tuned_gamma4.0,frac_worse_than_equal,0.5,0.3125,0.625,0.21250000000000002,0.75,0.4666666666666667,15
s=1.0,tuned_gamma4.0,frac_worse_than_strongest_sep,0.0,0.0,0.0,0.0,0.0,0.0,15
s=1.0,tuned_gamma4.0,worst_indiv_change_vs_equal,-0.0941357962932038,-0.1002570469947862,-0.07445513476576485,-0.10583424277561021,-0.05339072697820874,-0.08639813554512046,15
s=1.0,tuned_gamma4.0,p5_indiv_change_vs_equal,-0.0874853049976117,-0.09245458302307305,-0.06243904442270225,-0.10235892964287106,-0.039032677980351996,-0.07727052408109031,15
s=1.0,tuned_gamma4.0,capacity_utilization,1.0,1.0,1.0,1.0,1.0,1.0,15
s=1.0,tuned_gamma4.0,frac_cells_at_lower,0.0,0.0,0.015625,0.0,0.04062499999999997,0.010416666666666666,15
s=1.0,tuned_gamma4.0,frac_cells_interior,1.0,0.984375,1.0,0.959375,1.0,0.9895833333333334,15
s=1.0,tuned_gamma4.0,frac_cells_at_upper,0.0,0.0,0.0,0.0,0.0,0.0,15
