cell,regime,concentration,contention,floor_regime,policy,n_seeds,completion_mean,tasks_per_run_mean,diff_vs_equal,diff_vs_equal_tasks,diff_vs_equal_ci_lo,diff_vs_equal_ci_hi,diff_vs_equal_ci_lo_tasks,diff_vs_equal_ci_hi_tasks,diff_vs_drf,diff_vs_drf_tasks,diff_vs_drf_ci_lo,diff_vs_drf_ci_hi,capacity_utilization,alloc_distance_from_equal,latency_median_ms,latency_p95_ms,agent_completion_mean,agent_completion_min,agent_completion_p5,frac_zero_completion,frac_worse_than_equal
dirichlet_0.03__high,dirichlet_0.03,0.03,high,unit,equal,30,0.48055555555555557,23.066666666666666,0.0,0.0,0.0,0.0,0.0,0.0,-0.022916666666666672,-1.1000000000000003,-0.039583333333333345,-0.006250000000000007,0.8135963827155728,0.0,0.0,0.0,0.48055555555555557,0.125,0.25,0.0,0.0
dirichlet_0.03__high,dirichlet_0.03,0.03,high,unit,drf,30,0.5034722222222222,24.166666666666664,0.022916666666666672,1.1000000000000003,0.007621527777777775,0.03958333333333333,0.3658333333333332,1.9,0.0,0.0,0.0,0.0,0.8480012167497307,0.22107201537037013,0.0,0.0,0.5034722222222222,0.0,0.125,0.005555555555555556,0.21666666666666667
dirichlet_0.03__high,dirichlet_0.03,0.03,high,unit,decomposed_cobb_douglas,30,0.5375,25.799999999999997,0.05694444444444445,2.7333333333333334,0.043055555555555555,0.07152777777777777,2.0666666666666664,3.433333333333333,0.034027777777777775,1.6333333333333333,0.02013888888888888,0.04791666666666667,0.8598913610630509,0.09155780478229424,0.0,0.0,0.5375,0.125,0.125,0.0,0.12222222222222222
dirichlet_0.03__high,dirichlet_0.03,0.03,high,unit,joint_linear,30,0.06041666666666667,2.9,-0.42013888888888895,-20.16666666666667,-0.4520833333333333,-0.3895659722222223,-21.699999999999996,-18.69916666666667,-0.44305555555555554,-21.266666666666666,-0.48335069444444445,-0.40277777777777785,0.0746496704234548,0.8218714094238848,643.5,678.1,0.06041666666666667,0.0,0.0,0.7111111111111111,1.0
dirichlet_0.03__high,dirichlet_0.03,0.03,high,unit,joint_cobb_douglas,30,0.5375,25.799999999999997,0.05694444444444445,2.7333333333333334,0.04305555555555555,0.07083333333333333,2.0666666666666664,3.4,0.034027777777777775,1.6333333333333333,0.020833333333333325,0.04791666666666665,0.8598913610630509,0.09160630066681054,657.0,700.55,0.5375,0.125,0.125,0.0,0.12222222222222222
dirichlet_0.03__high,dirichlet_0.03,0.03,high,unit,joint_ces,30,0.41944444444444445,20.133333333333333,-0.061111111111111116,-2.9333333333333336,-0.08473958333333335,-0.0375,-4.067500000000001,-1.7999999999999998,-0.08402777777777778,-4.033333333333333,-0.10972222222222225,-0.058333333333333355,0.6627598447306503,0.16479134820343697,665.0,695.2,0.41944444444444445,0.0,0.0,0.06111111111111111,0.39444444444444443
dirichlet_0.03__high,dirichlet_0.03,0.03,high,unit,joint_leontief,30,0.5493055555555556,26.366666666666667,0.06875,3.3000000000000003,0.057638888888888885,0.08057291666666658,2.7666666666666666,3.8674999999999957,0.04583333333333333,2.1999999999999997,0.029166666666666667,0.0611111111111111,0.9018636764417078,0.1430773385669449,665.5,696.2,0.5493055555555556,0.25,0.25,0.0,0.06111111111111111
dirichlet_0.03__moderate,dirichlet_0.03,0.03,moderate,unit,equal,30,0.7006944444444445,33.63333333333334,0.0,0.0,0.0,0.0,0.0,0.0,0.0055555555555555506,0.26666666666666644,-0.011111111111111124,0.021527777777777788,0.8696497423925559,0.0,0.0,0.0,0.7006944444444444,0.25,0.375,0.0,0.0
dirichlet_0.03__moderate,dirichlet_0.03,0.03,moderate,unit,drf,30,0.6951388888888886,33.36666666666665,-0.0055555555555555506,-0.26666666666666644,-0.02083333333333333,0.009722222222222233,-0.9999999999999998,0.4666666666666672,0.0,0.0,0.0,0.0,0.8848244968668709,0.18138928394675055,0.0,0.0,0.6951388888888889,0.125,0.25,0.0,0.26666666666666666
dirichlet_0.03__moderate,dirichlet_0.03,0.03,moderate,unit,decomposed_cobb_douglas,30,0.7583333333333334,36.400000000000006,0.057638888888888885,2.7666666666666666,0.041649305555555544,0.07430555555555557,1.999166666666666,3.5666666666666673,0.06319444444444443,3.0333333333333323,0.04305555555555558,0.08194444444444446,0.9249978465832196,0.06534233790570623,0.0,0.0,0.7583333333333333,0.25,0.375,0.0,0.1
dirichlet_0.03__moderate,dirichlet_0.03,0.03,moderate,unit,joint_linear,30,0.12569444444444447,6.033333333333335,-0.575,-27.599999999999998,-0.6131944444444445,-0.5333159722222224,-29.433333333333337,-25.599166666666676,-0.5694444444444444,-27.333333333333332,-0.6069444444444444,-0.5277777777777779,0.12121971518959627,0.6483450636323259,689.0,794.55,0.12569444444444444,0.0,0.0,0.5055555555555555,0.9777777777777777
dirichlet_0.03__moderate,dirichlet_0.03,0.03,moderate,unit,joint_cobb_douglas,30,0.7583333333333334,36.400000000000006,0.057638888888888885,2.7666666666666666,0.041666666666666664,0.07430555555555556,2.0,3.5666666666666664,0.06319444444444443,3.0333333333333323,0.04375,0.08125000000000002,0.9249978465832196,0.06538427475479924,672.0,740.2,0.7583333333333333,0.25,0.375,0.0,0.1
dirichlet_0.03__moderate,dirichlet_0.03,0.03,moderate,unit,joint_ces,30,0.6201388888888888,29.766666666666662,-0.08055555555555555,-3.8666666666666663,-0.11180555555555555,-0.05486111111111112,-5.366666666666666,-2.6333333333333337,-0.07500000000000002,-3.6000000000000014,-0.10835069444444446,-0.04164930555555565,0.7761773165901544,0.11289066265183198,688.5,794.05,0.6201388888888889,0.0,0.25,0.005555555555555556,0.4
dirichlet_0.03__moderate,dirichlet_0.03,0.03,moderate,unit,joint_leontief,30,0.7729166666666667,37.1,0.07222222222222222,3.4666666666666663,0.057638888888888885,0.08750000000000004,2.7666666666666666,4.200000000000002,0.07777777777777775,3.733333333333332,0.06180555555555555,0.09375000000000001,0.9465627791934986,0.10128945125155044,677.0,791.75,0.7729166666666667,0.375,0.375,0.0,0.03333333333333333
dirichlet_0.1__high,dirichlet_0.1,0.1,high,unit,equal,30,0.48611111111111105,23.33333333333333,0.0,0.0,0.0,0.0,0.0,0.0,-0.03263888888888889,-1.5666666666666669,-0.045138888888888916,-0.02013888888888889,0.8362062231193627,0.0,0.0,0.0,0.4861111111111111,0.125,0.25,0.0,0.0
dirichlet_0.1__high,dirichlet_0.1,0.1,high,unit,drf,30,0.51875,24.900000000000002,0.03263888888888889,1.5666666666666669,0.019444444444444455,0.045833333333333344,0.9333333333333338,2.2000000000000006,0.0,0.0,0.0,0.0,0.8737277527264395,0.19944752600947108,0.0,0.0,0.51875,0.0,0.125,0.005555555555555556,0.16666666666666666
dirichlet_0.1__high,dirichlet_0.1,0.1,high,unit,decomposed_cobb_douglas,30,0.5555555555555556,26.666666666666668,0.06944444444444445,3.3333333333333335,0.05138888888888891,0.0875,2.4666666666666677,4.199999999999999,0.03680555555555555,1.7666666666666664,0.019444444444444434,0.05416666666666667,0.8922056482358657,0.08250815171853737,0.0,0.0,0.5555555555555556,0.125,0.25,0.0,0.08333333333333333
dirichlet_0.1__high,dirichlet_0.1,0.1,high,unit,joint_linear,30,0.0763888888888889,3.666666666666667,-0.40972222222222227,-19.666666666666668,-0.44444444444444453,-0.3784722222222222,-21.333333333333336,-18.166666666666664,-0.44236111111111115,-21.233333333333334,-0.47361111111111115,-0.4090277777777779,0.12188399792432797,0.8302338830573918,701.0,771.65,0.0763888888888889,0.0,0.0,0.6055555555555555,0.9611111111111111
dirichlet_0.1__high,dirichlet_0.1,0.1,high,unit,joint_cobb_douglas,30,0.5555555555555556,26.666666666666668,0.06944444444444445,3.3333333333333335,0.052760416666666664,0.08611111111111111,2.5324999999999998,4.133333333333333,0.03680555555555555,1.7666666666666664,0.019444444444444448,0.05347222222222223,0.8922056482358657,0.08268425286269762,678.0,741.1,0.5555555555555556,0.125,0.25,0.0,0.08333333333333333
dirichlet_0.1__high,dirichlet_0.1,0.1,high,unit,joint_ces,30,0.4798611111111111,23.033333333333335,-0.006249999999999989,-0.2999999999999995,-0.02291666666666666,0.011822916666666593,-1.0999999999999996,0.5674999999999965,-0.03888888888888889,-1.8666666666666667,-0.05902777777777777,-0.019444444444444438,0.7606226401738995,0.14613832374351723,690.0,777.1,0.4798611111111111,0.0,0.125,0.027777777777777776,0.2777777777777778
dirichlet_0.1__high,dirichlet_0.1,0.1,high,unit,joint_leontief,30,0.5527777777777778,26.533333333333335,0.06666666666666667,3.2,0.05138888888888889,0.0826388888888889,2.466666666666667,3.9666666666666672,0.034027777777777775,1.6333333333333333,0.01944444444444444,0.04999999999999998,0.9151885386837436,0.14168826489997613,709.0,775.2499999999999,0.5527777777777778,0.25,0.25,0.0,0.05555555555555555
dirichlet_0.1__moderate,dirichlet_0.1,0.1,moderate,unit,equal,30,0.7083333333333334,34.0,0.0,0.0,0.0,0.0,0.0,0.0,-0.013888888888888885,-0.6666666666666665,-0.03333333333333332,0.005555555555555558,0.8839457514827413,0.0,0.0,0.0,0.7083333333333334,0.375,0.375,0.0,0.0
dirichlet_0.1__moderate,dirichlet_0.1,0.1,moderate,unit,drf,30,0.7222222222222221,34.66666666666666,0.013888888888888885,0.6666666666666665,-0.006250000000000004,0.032638888888888884,-0.30000000000000016,1.5666666666666664,0.0,0.0,0.0,0.0,0.9073496566690765,0.18884459880077029,0.0,0.0,0.7222222222222222,0.0,0.375,0.005555555555555556,0.16111111111111112
dirichlet_0.1__moderate,dirichlet_0.1,0.1,moderate,unit,decomposed_cobb_douglas,30,0.7618055555555555,36.56666666666666,0.053472222222222206,2.566666666666666,0.03958333333333332,0.06736111111111107,1.8999999999999992,3.233333333333331,0.03958333333333332,1.8999999999999992,0.022222222222222213,0.05625,0.9379955161652942,0.0640020870599334,0.0,0.0,0.7618055555555555,0.25,0.375,0.0,0.05
dirichlet_0.1__moderate,dirichlet_0.1,0.1,moderate,unit,joint_linear,30,0.13749999999999998,6.6,-0.5708333333333333,-27.4,-0.6111284722222222,-0.5263888888888889,-29.33416666666667,-25.266666666666666,-0.5847222222222223,-28.06666666666667,-0.6382118055555556,-0.5312500000000001,0.15669481586928222,0.6417605981177016,661.5,737.8,0.1375,0.0,0.0,0.49444444444444446,0.9777777777777777
dirichlet_0.1__moderate,dirichlet_0.1,0.1,moderate,unit,joint_cobb_douglas,30,0.7618055555555555,36.56666666666666,0.053472222222222206,2.566666666666666,0.03958333333333332,0.06805555555555551,1.8999999999999992,3.2666666666666644,0.03958333333333332,1.8999999999999992,0.02291666666666665,0.056944444444444436,0.9379955161652942,0.06404726347497118,657.5,762.75,0.7618055555555555,0.25,0.375,0.0,0.05
dirichlet_0.1__moderate,dirichlet_0.1,0.1,moderate,unit,joint_ces,30,0.6812500000000001,32.7,-0.02708333333333334,-1.3000000000000003,-0.05,-0.0062326388888889845,-2.4000000000000004,-0.29916666666667124,-0.040972222222222236,-1.9666666666666672,-0.06460069444444448,-0.017343750000000088,0.8381316598061382,0.10874452539486164,680.0,760.1999999999998,0.68125,0.125,0.375,0.0,0.22777777777777777
dirichlet_0.1__moderate,dirichlet_0.1,0.1,moderate,unit,joint_leontief,30,0.7701388888888889,36.96666666666667,0.06180555555555554,2.966666666666666,0.04930555555555553,0.07501736111111101,2.3666666666666654,3.6008333333333287,0.04791666666666665,2.299999999999999,0.03263888888888888,0.06388888888888887,0.9462710398152184,0.13448698629780434,673.0,762.55,0.7701388888888889,0.375,0.375,0.0,0.03888888888888889
dirichlet_0.3__high,dirichlet_0.3,0.3,high,unit,equal,30,0.4743055555555556,22.76666666666667,0.0,0.0,0.0,0.0,0.0,0.0,-0.043055555555555576,-2.0666666666666678,-0.06041666666666667,-0.028472222222222218,0.8555979544489174,0.0,0.0,0.0,0.47430555555555554,0.25,0.25,0.0,0.0
dirichlet_0.3__high,dirichlet_0.3,0.3,high,unit,drf,30,0.5173611111111113,24.833333333333343,0.043055555555555576,2.0666666666666678,0.029166666666666667,0.05833333333333334,1.4,2.8000000000000003,0.0,0.0,0.0,0.0,0.8836721724853527,0.20451063762446728,0.0,0.0,0.5173611111111112,0.125,0.25,0.0,0.19444444444444445
dirichlet_0.3__high,dirichlet_0.3,0.3,high,unit,decomposed_cobb_douglas,30,0.5409722222222222,25.966666666666665,0.06666666666666667,3.2,0.05069444444444445,0.08263888888888887,2.4333333333333336,3.966666666666666,0.023611111111111097,1.1333333333333326,0.009027777777777768,0.03680555555555554,0.8966587245931236,0.08216372134545358,0.0,0.0,0.5409722222222222,0.125,0.25,0.0,0.07222222222222222
dirichlet_0.3__high,dirichlet_0.3,0.3,high,unit,joint_linear,30,0.03680555555555556,1.7666666666666666,-0.4374999999999999,-20.999999999999993,-0.46319444444444446,-0.4111111111111111,-22.233333333333334,-19.733333333333334,-0.4805555555555557,-23.066666666666674,-0.5027777777777778,-0.45833333333333326,0.0515450139402872,0.9181246892248247,665.0,715.5,0.03680555555555556,0.0,0.0,0.7722222222222223,0.9888888888888889
dirichlet_0.3__high,dirichlet_0.3,0.3,high,unit,joint_cobb_douglas,30,0.5423611111111111,26.03333333333333,0.06805555555555554,3.2666666666666657,0.05277777777777777,0.08263888888888889,2.533333333333333,3.966666666666667,0.024999999999999984,1.1999999999999993,0.01249999999999998,0.03819444444444442,0.8982221464220321,0.08216327155145922,651.0,736.1499999999999,0.5423611111111111,0.125,0.25,0.0,0.06666666666666667
dirichlet_0.3__high,dirichlet_0.3,0.3,high,unit,joint_ces,30,0.5243055555555556,25.166666666666668,0.05,2.4000000000000004,0.03331597222222221,0.06736111111111112,1.5991666666666662,3.233333333333334,0.006944444444444444,0.3333333333333333,-0.006267361111111117,0.019461805555555465,0.8410858855685248,0.14436408083135008,674.5,725.7499999999999,0.5243055555555556,0.125,0.25,0.0,0.14444444444444443
dirichlet_0.3__high,dirichlet_0.3,0.3,high,unit,joint_leontief,30,0.5361111111111111,25.733333333333334,0.06180555555555555,2.9666666666666663,0.04513888888888888,0.07847222222222223,2.166666666666666,3.7666666666666675,0.018749999999999996,0.8999999999999998,0.0069444444444444345,0.029166666666666667,0.9027220914388141,0.13414832446450634,665.5,774.4999999999999,0.5361111111111111,0.25,0.25,0.0,0.07222222222222222
dirichlet_0.3__moderate,dirichlet_0.3,0.3,moderate,unit,equal,30,0.6881944444444444,33.03333333333333,0.0,0.0,0.0,0.0,0.0,0.0,-0.05138888888888889,-2.466666666666667,-0.06805555555555556,-0.03333333333333335,0.8901880231503194,0.0,0.0,0.0,0.6881944444444444,0.375,0.375,0.0,0.0
dirichlet_0.3__moderate,dirichlet_0.3,0.3,moderate,unit,drf,30,0.7395833333333334,35.5,0.05138888888888889,2.466666666666667,0.032638888888888905,0.06805555555555556,1.5666666666666673,3.266666666666667,0.0,0.0,0.0,0.0,0.9171609826562209,0.19996836577490554,0.0,0.0,0.7395833333333334,0.25,0.375,0.0,0.18888888888888888
dirichlet_0.3__moderate,dirichlet_0.3,0.3,moderate,unit,decomposed_cobb_douglas,30,0.7673611111111112,36.833333333333336,0.07916666666666666,3.8,0.060399305555555546,0.09861111111111114,2.899166666666666,4.733333333333334,0.027777777777777773,1.333333333333333,0.013194444444444446,0.04166666666666668,0.9378858187290883,0.06309526253927068,0.0,0.0,0.7673611111111112,0.375,0.5,0.0,0.03333333333333333
dirichlet_0.3__moderate,dirichlet_0.3,0.3,moderate,unit,joint_linear,30,0.08888888888888889,4.266666666666667,-0.5993055555555556,-28.766666666666673,-0.6256944444444444,-0.5722222222222223,-30.03333333333333,-27.46666666666667,-0.6506944444444446,-31.23333333333334,-0.6722222222222222,-0.628454861111111,0.08841800190109746,0.7063823476705926,639.0,699.7499999999999,0.08888888888888889,0.0,0.0,0.5055555555555555,0.9888888888888889
dirichlet_0.3__moderate,dirichlet_0.3,0.3,moderate,unit,joint_cobb_douglas,30,0.7673611111111112,36.833333333333336,0.07916666666666666,3.8,0.06041666666666667,0.09930555555555554,2.9,4.766666666666666,0.027777777777777773,1.333333333333333,0.013194444444444437,0.04237847222222215,0.9378858187290883,0.0631625103170362,638.5,673.6999999999999,0.7673611111111112,0.375,0.5,0.0,0.03333333333333333
dirichlet_0.3__moderate,dirichlet_0.3,0.3,moderate,unit,joint_ces,30,0.7236111111111111,34.733333333333334,0.035416666666666666,1.7,0.013888888888888895,0.055555555555555566,0.666666666666667,2.666666666666667,-0.015972222222222228,-0.7666666666666669,-0.03194444444444445,0.0,0.8751362810819067,0.11026275696580973,640.5,689.5999999999999,0.7236111111111111,0.125,0.49375000000000013,0.0,0.15
dirichlet_0.3__moderate,dirichlet_0.3,0.3,moderate,unit,joint_leontief,30,0.7694444444444445,36.93333333333334,0.08125,3.9000000000000004,0.06319444444444446,0.09930555555555556,3.033333333333334,4.7666666666666675,0.029861111111111106,1.4333333333333331,0.01944444444444443,0.03958333333333333,0.9432509348798628,0.13436819968316183,643.0,685.1,0.7694444444444445,0.375,0.5,0.0,0.05555555555555555
dirichlet_1.0__high,dirichlet_1.0,1.0,high,unit,equal,30,0.4881944444444445,23.433333333333337,0.0,0.0,0.0,0.0,0.0,0.0,-0.024305555555555556,-1.1666666666666667,-0.035416666666666666,-0.012500000000000008,0.8645002643047343,0.0,0.0,0.0,0.48819444444444443,0.25,0.25,0.0,0.0
dirichlet_1.0__high,dirichlet_1.0,1.0,high,unit,drf,30,0.5125,24.599999999999998,0.024305555555555556,1.1666666666666667,0.012500000000000004,0.03543402777777768,0.6000000000000002,1.7008333333333288,0.0,0.0,0.0,0.0,0.8926634300972618,0.1651042924660158,0.0,0.0,0.5125,0.125,0.25,0.0,0.20555555555555555
dirichlet_1.0__high,dirichlet_1.0,1.0,high,unit,decomposed_cobb_douglas,30,0.5312499999999999,25.499999999999993,0.043055555555555534,2.0666666666666655,0.0298611111111111,0.056249999999999994,1.4333333333333327,2.6999999999999997,0.01874999999999999,0.8999999999999995,0.006249999999999994,0.031944444444444435,0.9024397803297309,0.06929035821446498,0.0,0.0,0.53125,0.25,0.25,0.0,0.12222222222222222
dirichlet_1.0__high,dirichlet_1.0,1.0,high,unit,joint_linear,30,0.04652777777777777,2.233333333333333,-0.4416666666666667,-21.200000000000003,-0.45972222222222225,-0.4236111111111112,-22.06666666666667,-20.33333333333334,-0.4659722222222223,-22.36666666666667,-0.4833333333333332,-0.44930555555555557,0.05432758623039832,0.9363974795052782,631.0,675.65,0.04652777777777778,0.0,0.0,0.7444444444444445,0.9777777777777777
dirichlet_1.0__high,dirichlet_1.0,1.0,high,unit,joint_cobb_douglas,30,0.5319444444444444,25.53333333333333,0.04374999999999998,2.099999999999999,0.030555555555555544,0.05694444444444442,1.4666666666666661,2.7333333333333325,0.019444444444444434,0.9333333333333329,0.006249999999999983,0.03194444444444443,0.9031366444412292,0.06922488207975873,626.5,672.5,0.5319444444444444,0.25,0.25,0.0,0.12222222222222222
dirichlet_1.0__high,dirichlet_1.0,1.0,high,unit,joint_ces,30,0.5340277777777778,25.633333333333333,0.04583333333333333,2.1999999999999997,0.031944444444444435,0.061805555555555565,1.5333333333333328,2.9666666666666672,0.02152777777777778,1.0333333333333334,0.01041666666666667,0.03263888888888888,0.8806665035033351,0.1242915663989285,638.0,689.5999999999999,0.5340277777777778,0.125,0.36875000000000013,0.0,0.2111111111111111
dirichlet_1.0__high,dirichlet_1.0,1.0,high,unit,joint_leontief,30,0.5298611111111111,25.433333333333334,0.041666666666666664,2.0,0.028472222222222218,0.05416666666666667,1.3666666666666665,2.6,0.017361111111111115,0.8333333333333335,0.004861111111111118,0.027795138888888807,0.9014457777231552,0.11382932165108794,642.5,703.55,0.5298611111111111,0.125,0.25,0.0,0.08888888888888889
dirichlet_1.0__moderate,dirichlet_1.0,1.0,moderate,unit,equal,30,0.7000000000000001,33.6,0.0,0.0,0.0,0.0,0.0,0.0,-0.0576388888888889,-2.766666666666667,-0.07361111111111111,-0.04305555555555556,0.8988917758530539,0.0,0.0,0.0,0.7,0.375,0.5,0.0,0.0
dirichlet_1.0__moderate,dirichlet_1.0,1.0,moderate,unit,drf,30,0.757638888888889,36.366666666666674,0.0576388888888889,2.766666666666667,0.04236111111111111,0.07291666666666669,2.033333333333333,3.500000000000001,0.0,0.0,0.0,0.0,0.9387773230863086,0.1570110624743472,0.0,0.0,0.7576388888888889,0.375,0.5,0.0,0.12222222222222222
dirichlet_1.0__moderate,dirichlet_1.0,1.0,moderate,unit,decomposed_cobb_douglas,30,0.7548611111111111,36.233333333333334,0.05486111111111112,2.6333333333333337,0.04097222222222223,0.06944444444444443,1.966666666666667,3.333333333333333,-0.0027777777777777753,-0.13333333333333322,-0.01875,0.0125,0.9433210053618439,0.05626651839777332,0.0,0.0,0.7548611111111111,0.25,0.5,0.0,0.07222222222222222
dirichlet_1.0__moderate,dirichlet_1.0,1.0,moderate,unit,joint_linear,30,0.0923611111111111,4.433333333333333,-0.607638888888889,-29.16666666666667,-0.6270833333333332,-0.5881944444444444,-30.099999999999994,-28.233333333333327,-0.6652777777777776,-31.933333333333326,-0.6840277777777779,-0.6458333333333334,0.08431256740964238,0.710370293979267,625.5,644.1,0.09236111111111112,0.0,0.0,0.42777777777777776,0.9944444444444445
dirichlet_1.0__moderate,dirichlet_1.0,1.0,moderate,unit,joint_cobb_douglas,30,0.7548611111111111,36.233333333333334,0.05486111111111112,2.6333333333333337,0.040972222222222236,0.06875,1.9666666666666672,3.3000000000000003,-0.0027777777777777753,-0.13333333333333322,-0.018055555555555564,0.011805555555555547,0.9433210053618439,0.056266409889769234,622.0,644.65,0.7548611111111111,0.25,0.5,0.0,0.07222222222222222
dirichlet_1.0__moderate,dirichlet_1.0,1.0,moderate,unit,joint_ces,30,0.7388888888888889,35.46666666666667,0.038888888888888896,1.8666666666666671,0.023611111111111114,0.05347222222222225,1.1333333333333335,2.5666666666666678,-0.018749999999999992,-0.8999999999999997,-0.03333333333333332,-0.004166666666666655,0.9016333169932688,0.09807204194348165,632.0,658.65,0.7388888888888889,0.375,0.5,0.0,0.14444444444444443
dirichlet_1.0__moderate,dirichlet_1.0,1.0,moderate,unit,joint_leontief,30,0.763888888888889,36.66666666666667,0.0638888888888889,3.0666666666666673,0.04861111111111112,0.07847222222222223,2.333333333333334,3.7666666666666675,0.00625,0.30000000000000004,-0.0062499999999999925,0.018055555555555547,0.9509448933346978,0.11231943558487563,630.0,658.55,0.7638888888888888,0.375,0.5,0.0,0.08888888888888889
dirichlet_3.0__high,dirichlet_3.0,3.0,high,unit,equal,30,0.5125,24.599999999999998,0.0,0.0,0.0,0.0,0.0,0.0,-0.019444444444444448,-0.9333333333333336,-0.035416666666666666,-0.005555555555555564,0.899672083354439,0.0,0.0,0.0,0.5125,0.25,0.25,0.0,0.0
dirichlet_3.0__high,dirichlet_3.0,3.0,high,unit,drf,30,0.5319444444444444,25.53333333333333,0.019444444444444448,0.9333333333333336,0.004861111111111112,0.035416666666666666,0.2333333333333334,1.7,0.0,0.0,0.0,0.0,0.9048092328770445,0.13302356256311598,0.0,0.0,0.5319444444444444,0.25,0.25,0.0,0.2111111111111111
dirichlet_3.0__high,dirichlet_3.0,3.0,high,unit,decomposed_cobb_douglas,30,0.5381944444444444,25.833333333333332,0.02569444444444445,1.2333333333333336,0.011111111111111117,0.04097222222222225,0.5333333333333337,1.9666666666666681,0.00625,0.30000000000000004,-0.00416666666666667,0.018055555555555557,0.9174131653105035,0.051074356032918454,0.0,0.0,0.5381944444444444,0.25,0.375,0.0,0.1111111111111111
dirichlet_3.0__high,dirichlet_3.0,3.0,high,unit,joint_linear,30,0.02847222222222222,1.3666666666666667,-0.4840277777777777,-23.23333333333333,-0.5027777777777778,-0.4659722222222223,-24.133333333333333,-22.36666666666667,-0.5034722222222222,-24.166666666666664,-0.5194444444444445,-0.4868055555555556,0.038822023085582295,0.9283485915449321,619.0,641.2,0.02847222222222222,0.0,0.0,0.8111111111111111,0.9888888888888889
dirichlet_3.0__high,dirichlet_3.0,3.0,high,unit,joint_cobb_douglas,30,0.5381944444444444,25.833333333333332,0.02569444444444445,1.2333333333333336,0.011111111111111105,0.040972222222222215,0.533333333333333,1.9666666666666663,0.00625,0.30000000000000004,-0.004861111111111122,0.018055555555555557,0.917857609754948,0.05112341195016665,619.5,633.85,0.5381944444444444,0.25,0.375,0.0,0.1111111111111111
dirichlet_3.0__high,dirichlet_3.0,3.0,high,unit,joint_ces,30,0.5562500000000001,26.700000000000006,0.04374999999999998,2.099999999999999,0.02708333333333334,0.0611111111111111,1.3000000000000003,2.9333333333333327,0.02430555555555555,1.1666666666666663,0.011805555555555548,0.03680555555555555,0.9059490227658548,0.09154998556902567,628.0,642.0,0.55625,0.25,0.375,0.0,0.15555555555555556
dirichlet_3.0__high,dirichlet_3.0,3.0,high,unit,joint_leontief,30,0.5361111111111111,25.733333333333334,0.023611111111111114,1.1333333333333335,0.008333333333333337,0.03749999999999999,0.40000000000000013,1.7999999999999996,0.004166666666666665,0.1999999999999999,-0.008333333333333347,0.017361111111111112,0.9147430157435935,0.08115020231831216,634.5,647.55,0.5361111111111111,0.25,0.375,0.0,0.15555555555555556
dirichlet_3.0__moderate,dirichlet_3.0,3.0,moderate,unit,equal,30,0.7131944444444444,34.23333333333333,0.0,0.0,0.0,0.0,0.0,0.0,-0.04027777777777778,-1.9333333333333336,-0.05277777777777777,-0.028454861111111198,0.9200282761237888,0.0,0.0,0.0,0.7131944444444445,0.375,0.5,0.0,0.0
dirichlet_3.0__moderate,dirichlet_3.0,3.0,moderate,unit,drf,30,0.7534722222222222,36.166666666666664,0.04027777777777778,1.9333333333333336,0.02847222222222223,0.05140624999999993,1.366666666666667,2.4674999999999967,0.0,0.0,0.0,0.0,0.9403604210118746,0.13390051625296026,0.0,0.0,0.7534722222222222,0.375,0.5,0.0,0.15555555555555556
dirichlet_3.0__moderate,dirichlet_3.0,3.0,moderate,unit,decomposed_cobb_douglas,30,0.7513888888888889,36.06666666666666,0.03819444444444445,1.8333333333333335,0.026388888888888885,0.05069444444444444,1.2666666666666666,2.433333333333333,-0.0020833333333333333,-0.1,-0.01458333333333334,0.009722222222222236,0.9491379336760585,0.04266467004105501,0.0,0.0,0.7513888888888889,0.375,0.5,0.0,0.06111111111111111
dirichlet_3.0__moderate,dirichlet_3.0,3.0,moderate,unit,joint_linear,30,0.10277777777777779,4.933333333333334,-0.6104166666666667,-29.300000000000004,-0.6326388888888889,-0.5875,-30.366666666666667,-28.200000000000003,-0.6506944444444446,-31.23333333333334,-0.671545138888889,-0.6284722222222222,0.09061082150054653,0.7413161972834068,623.0,640.65,0.10277777777777777,0.0,0.0,0.46111111111111114,0.9944444444444445
dirichlet_3.0__moderate,dirichlet_3.0,3.0,moderate,unit,joint_cobb_douglas,30,0.7513888888888889,36.06666666666666,0.03819444444444445,1.8333333333333335,0.026388888888888875,0.05069444444444446,1.266666666666666,2.433333333333334,-0.0020833333333333333,-0.1,-0.015277777777777776,0.009027777777777782,0.9491379336760585,0.04269834682467422,619.0,631.55,0.7513888888888889,0.375,0.5,0.0,0.06111111111111111
dirichlet_3.0__moderate,dirichlet_3.0,3.0,moderate,unit,joint_ces,30,0.7465277777777779,35.83333333333334,0.03333333333333333,1.6,0.020833333333333332,0.04583333333333335,1.0,2.200000000000001,-0.006944444444444446,-0.33333333333333337,-0.01805555555555556,0.004166666666666663,0.922773774992834,0.07833661893373299,623.5,648.05,0.7465277777777778,0.375,0.5,0.0,0.12222222222222222
dirichlet_3.0__moderate,dirichlet_3.0,3.0,moderate,unit,joint_leontief,30,0.7583333333333333,36.4,0.04513888888888888,2.166666666666666,0.03263888888888889,0.0576388888888889,1.5666666666666669,2.766666666666667,0.004861111111111109,0.23333333333333323,-0.006944444444444446,0.016666666666666663,0.9514701334508626,0.08504095986311604,623.0,642.65,0.7583333333333333,0.375,0.5,0.0,0.09444444444444444
homogeneous__high,homogeneous,,high,unit,equal,30,0.48958333333333326,23.499999999999996,0.0,0.0,0.0,0.0,0.0,0.0,0.002777777777777777,0.1333333333333333,0.0006944444444444438,0.005555555555555554,0.9182190271815409,0.0,0.0,0.0,0.4895833333333333,0.25,0.375,0.0,0.0
homogeneous__high,homogeneous,,high,unit,drf,30,0.48680555555555555,23.366666666666667,-0.002777777777777777,-0.1333333333333333,-0.005555555555555554,-0.0006944444444444438,-0.2666666666666666,-0.033333333333333305,0.0,0.0,0.0,0.0,0.9169766702239172,0.0013527874927114062,0.0,0.0,0.48680555555555555,0.25,0.375,0.0,0.022222222222222223
homogeneous__high,homogeneous,,high,unit,decomposed_cobb_douglas,30,0.48958333333333326,23.499999999999996,0.0,0.0,0.0,0.0,0.0,0.0,0.002777777777777777,0.1333333333333333,0.0006944444444444438,0.005555555555555554,0.9182190271815409,0.0,0.0,0.0,0.4895833333333333,0.25,0.375,0.0,0.0
homogeneous__high,homogeneous,,high,unit,joint_linear,30,0.48958333333333326,23.499999999999996,0.0,0.0,0.0,0.0,0.0,0.0,0.002777777777777777,0.1333333333333333,0.0006944444444444438,0.005555555555555556,0.9182190271815409,0.010270772794237501,628.5,656.65,0.4895833333333333,0.25,0.375,0.0,0.06111111111111111
homogeneous__high,homogeneous,,high,unit,joint_cobb_douglas,30,0.48958333333333326,23.499999999999996,0.0,0.0,0.0,0.0,0.0,0.0,0.002777777777777777,0.1333333333333333,0.0006944444444444438,0.005555555555555554,0.919206999690132,0.005135238178574726,632.0,653.9499999999999,0.4895833333333333,0.25,0.375,0.0,0.016666666666666666
homogeneous__high,homogeneous,,high,unit,joint_ces,30,0.48958333333333326,23.499999999999996,0.0,0.0,0.0,0.0,0.0,0.0,0.002777777777777777,0.1333333333333333,0.0006944444444444438,0.005555555555555554,0.9182190271815409,0.010452160311939294,631.0,648.1,0.4895833333333333,0.25,0.375,0.0,0.05
homogeneous__high,homogeneous,,high,unit,joint_leontief,30,0.48958333333333326,23.499999999999996,0.0,0.0,0.0,0.0,0.0,0.0,0.002777777777777777,0.1333333333333333,0.0006944444444444438,0.005555555555555554,0.9182190271815409,0.009808449567559748,634.0,660.15,0.4895833333333333,0.25,0.375,0.0,0.05
homogeneous__moderate,homogeneous,,moderate,unit,equal,30,0.6958333333333333,33.4,0.0,0.0,0.0,0.0,0.0,0.0,0.000694444444444442,0.033333333333333215,0.0,0.002083333333333326,0.9365768454049126,0.0,0.0,0.0,0.6958333333333333,0.5,0.625,0.0,0.0
homogeneous__moderate,homogeneous,,moderate,unit,drf,30,0.6951388888888889,33.36666666666667,-0.000694444444444442,-0.033333333333333215,-0.002083333333333326,0.0,-0.09999999999999964,0.0,0.0,0.0,0.0,0.0,0.9357253563385259,0.0007579960412287426,0.0,0.0,0.6951388888888889,0.5,0.625,0.0,0.005555555555555556
homogeneous__moderate,homogeneous,,moderate,unit,decomposed_cobb_douglas,30,0.6958333333333333,33.4,0.0,0.0,0.0,0.0,0.0,0.0,0.000694444444444442,0.033333333333333215,0.0,0.002083333333333326,0.9365768454049126,0.0,0.0,0.0,0.6958333333333333,0.5,0.625,0.0,0.0
homogeneous__moderate,homogeneous,,moderate,unit,joint_linear,30,0.6958333333333333,33.4,0.0,0.0,0.0,0.0,0.0,0.0,0.000694444444444442,0.033333333333333215,0.0,0.002083333333333326,0.9365768454049126,0.005995026795130362,625.5,644.75,0.6958333333333333,0.5,0.625,0.0,0.022222222222222223
homogeneous__moderate,homogeneous,,moderate,unit,joint_cobb_douglas,30,0.6958333333333333,33.4,0.0,0.0,0.0,0.0,0.0,0.0,0.000694444444444442,0.033333333333333215,0.0,0.002083333333333326,0.9365768454049126,0.002960132334311713,630.0,649.65,0.6958333333333333,0.5,0.625,0.0,0.011111111111111112
homogeneous__moderate,homogeneous,,moderate,unit,joint_ces,30,0.6958333333333333,33.4,0.0,0.0,0.0,0.0,0.0,0.0,0.000694444444444442,0.033333333333333215,0.0,0.002083333333333326,0.9365768454049126,0.005954358229900736,632.5,655.65,0.6958333333333333,0.5,0.625,0.0,0.022222222222222223
homogeneous__moderate,homogeneous,,moderate,unit,joint_leontief,30,0.6958333333333333,33.4,0.0,0.0,0.0,0.0,0.0,0.0,0.000694444444444442,0.033333333333333215,0.0,0.002083333333333326,0.9365768454049126,0.005763469906010748,640.5,656.55,0.6958333333333333,0.5,0.625,0.0,0.022222222222222223
iid_uniform__high,iid_uniform,,high,unit,equal,30,0.5111111111111112,24.53333333333334,0.0,0.0,0.0,0.0,0.0,0.0,-0.011111111111111105,-0.533333333333333,-0.024999999999999988,0.001388888888888884,0.9078381552555627,0.0,0.0,0.0,0.5111111111111111,0.25,0.36875000000000013,0.0,0.0
iid_uniform__high,iid_uniform,,high,unit,drf,30,0.5222222222222223,25.06666666666667,0.011111111111111105,0.533333333333333,-0.002083333333333335,0.025694444444444447,-0.10000000000000009,1.2333333333333334,0.0,0.0,0.0,0.0,0.9062742111131087,0.11060204859611353,0.0,0.0,0.5222222222222223,0.25,0.375,0.0,0.17777777777777778
iid_uniform__high,iid_uniform,,high,unit,decomposed_cobb_douglas,30,0.5340277777777779,25.63333333333334,0.022916666666666665,1.0999999999999999,0.009027777777777779,0.038194444444444434,0.43333333333333335,1.8333333333333328,0.011805555555555562,0.566666666666667,0.002777777777777779,0.02152777777777778,0.9122668118453028,0.044786621084934385,0.0,0.0,0.5340277777777778,0.25,0.375,0.0,0.1111111111111111
iid_uniform__high,iid_uniform,,high,unit,joint_linear,30,0.038194444444444434,1.8333333333333328,-0.4729166666666667,-22.700000000000003,-0.49027777777777776,-0.45694444444444443,-23.53333333333333,-21.933333333333334,-0.4840277777777777,-23.23333333333333,-0.5021006944444445,-0.4666666666666667,0.04632917862298737,0.9452745385112685,623.0,638.0,0.03819444444444445,0.0,0.0,0.8055555555555556,0.9777777777777777
iid_uniform__high,iid_uniform,,high,unit,joint_cobb_douglas,30,0.5333333333333333,25.6,0.022222222222222223,1.0666666666666667,0.00831597222222222,0.03682291666666658,0.39916666666666656,1.7674999999999959,0.011111111111111117,0.5333333333333337,0.0013888888888889024,0.02083333333333334,0.9122402302397739,0.04484483307352929,625.0,637.55,0.5333333333333333,0.25,0.375,0.0,0.11666666666666667
iid_uniform__high,iid_uniform,,high,unit,joint_ces,30,0.5395833333333333,25.9,0.02847222222222221,1.3666666666666663,0.009722222222222212,0.047222222222222214,0.4666666666666662,2.266666666666666,0.01736111111111111,0.8333333333333333,0.004166666666666668,0.03055555555555556,0.8981777656610778,0.08151888505270524,628.0,649.1,0.5395833333333333,0.25,0.375,0.0,0.21666666666666667
iid_uniform__high,iid_uniform,,high,unit,joint_leontief,30,0.5333333333333333,25.6,0.022222222222222216,1.0666666666666664,0.007638888888888882,0.0375,0.3666666666666663,1.7999999999999998,0.011111111111111117,0.5333333333333337,1.1009711660866142e-17,0.021527777777777774,0.922814546601927,0.07276278596382907,632.0,645.65,0.5333333333333333,0.25,0.375,0.0,0.14444444444444443
iid_uniform__moderate,iid_uniform,,moderate,unit,equal,30,0.71875,34.5,0.0,0.0,0.0,0.0,0.0,0.0,-0.031249999999999997,-1.4999999999999998,-0.050017361111111124,-0.012499999999999985,0.9268933866298134,0.0,0.0,0.0,0.71875,0.375,0.5,0.0,0.0
iid_uniform__moderate,iid_uniform,,moderate,unit,drf,30,0.7499999999999998,35.999999999999986,0.031249999999999997,1.4999999999999998,0.01388888888888888,0.049305555555555554,0.6666666666666662,2.3666666666666667,0.0,0.0,0.0,0.0,0.9357585650599981,0.10431450671003607,0.0,0.0,0.75,0.375,0.5,0.0,0.14444444444444443
iid_uniform__moderate,iid_uniform,,moderate,unit,decomposed_cobb_douglas,30,0.7555555555555556,36.26666666666667,0.03680555555555555,1.7666666666666664,0.016666666666666694,0.05694444444444444,0.8000000000000014,2.7333333333333334,0.005555555555555562,0.26666666666666694,-0.009027777777777768,0.01805555555555555,0.9444261380985075,0.03944911147916726,0.0,0.0,0.7555555555555555,0.375,0.5,0.0,0.1111111111111111
iid_uniform__moderate,iid_uniform,,moderate,unit,joint_linear,30,0.10972222222222223,5.2666666666666675,-0.6090277777777777,-29.23333333333333,-0.6319444444444444,-0.5847222222222223,-30.333333333333332,-28.06666666666667,-0.6402777777777777,-30.73333333333333,-0.6625,-0.6208159722222222,0.0938974195923113,0.7424698676522017,624.0,654.55,0.10972222222222222,0.0,0.0,0.4222222222222222,1.0
iid_uniform__moderate,iid_uniform,,moderate,unit,joint_cobb_douglas,30,0.7555555555555556,36.26666666666667,0.03680555555555555,1.7666666666666664,0.017361111111111122,0.056944444444444436,0.8333333333333339,2.733333333333333,0.005555555555555562,0.26666666666666694,-0.008333333333333326,0.017378472222222146,0.9444439634104504,0.039559478434539296,626.0,644.55,0.7555555555555555,0.375,0.5,0.0,0.1111111111111111
iid_uniform__moderate,iid_uniform,,moderate,unit,joint_ces,30,0.7555555555555556,36.26666666666667,0.03680555555555554,1.7666666666666662,0.02291666666666665,0.051388888888888866,1.0999999999999992,2.4666666666666655,0.0055555555555555506,0.26666666666666644,-0.006250000000000004,0.018055555555555537,0.9302904991353891,0.07262615985567433,630.5,646.2,0.7555555555555555,0.375,0.625,0.0,0.11666666666666667
iid_uniform__moderate,iid_uniform,,moderate,unit,joint_leontief,30,0.7493055555555556,35.96666666666667,0.030555555555555558,1.4666666666666668,0.013888888888888902,0.047916666666666656,0.6666666666666673,2.2999999999999994,-0.0006944444444444383,-0.033333333333333034,-0.014583333333333337,0.011805555555555559,0.940021933584179,0.06833843304366516,633.5,654.55,0.7493055555555556,0.375,0.5,0.0,0.13333333333333333
