cell,delta,contention,declaration_source,arm,policy_kind,mean_qo_tasks_per_run,mean_bs_tasks_per_run,mean_cap_util,mean_unused_installed,frac_zero_qo,min_completion_tasks,bottom_decile_tasks,mean_completion_tasks,vs_equal_n_harmed,vs_equal_frac_harmed,vs_equal_mean_loss_harmed,vs_equal_median_loss_harmed,vs_equal_worst_loss,vs_equal_n_improved,vs_equal_frac_improved,vs_equal_mean_gain_improved,vs_equal_median_gain_improved,vs_matched_drf_n_harmed,vs_matched_drf_frac_harmed,vs_matched_drf_mean_loss_harmed,vs_matched_drf_median_loss_harmed,vs_matched_drf_worst_loss,vs_matched_drf_n_improved,vs_matched_drf_frac_improved,vs_matched_drf_mean_gain_improved,vs_matched_drf_median_gain_improved,drift_source_total_mean,changed_identities_total_mean,task_mixture_tv_from_baseline_mean,mand_demand_tv_mean_pairwise,task_entropy_mean,cross_agent_dissimilarity_mean,staleness_error_mean,calibration_error_mean,latent_oracle_error_mean,realized_contention_mean
delta0.00__moderate,0.0,moderate,execution_queue_oracle,carrier_execution_queue_oracle,carrier,36.125,36.395,0.9341000368751883,109.24,0.0,2.0,3.0,6.020833333333333,22,0.018333333333333333,1.0,1.0,1.0,754,0.6283333333333333,2.083554376657825,2.0,299,0.24916666666666668,1.1237458193979932,1.0,3.0,337,0.2808333333333333,2.2759643916913945,2.0,0.0,0.0,0.0,0.11530953126139516,0.2567007087078566,0.07814741676617494,10.369099958380207,10.690038702720818,25.57541736636942,1.3515778310730655
delta0.00__moderate,0.0,moderate,latent_distribution_oracle,carrier_latent_distribution_oracle,carrier,35.59,35.86,0.920426897642916,131.975,0.0,2.0,3.0,5.931666666666667,36,0.03,1.2222222222222223,1.0,4.0,720,0.6,2.063888888888889,2.0,294,0.245,1.0748299319727892,1.0,2.0,349,0.29083333333333333,2.2148997134670485,2.0,0.0,0.0,0.0,0.11530953126139516,0.2567007087078566,0.07814741676617494,10.369099958380207,10.690038702720818,25.57541736636942,1.3515778310730655
delta0.00__moderate,0.0,moderate,refreshed_calibration,carrier_refreshed_calibration,carrier,35.39,35.665,0.9193378503977934,134.7,0.0,2.0,3.0,5.898333333333333,48,0.04,1.2083333333333333,1.0,3.0,720,0.6,2.0277777777777777,2.0,290,0.24166666666666667,1.0758620689655172,1.0,3.0,334,0.2783333333333333,2.2245508982035926,2.0,0.0,0.0,0.0,0.11530953126139516,0.2567007087078566,0.07814741676617494,10.369099958380207,10.690038702720818,25.57541736636942,1.3515778310730655
delta0.00__moderate,0.0,moderate,stale_calibration,carrier_stale_calibration,carrier,35.365,35.685,0.9177646175261774,137.46,0.0,2.0,3.0,5.894166666666667,49,0.04083333333333333,1.346938775510204,1.0,5.0,710,0.5916666666666667,2.0605633802816903,2.0,298,0.24833333333333332,1.1006711409395973,1.0,3.0,343,0.28583333333333333,2.186588921282799,2.0,0.0,0.0,0.0,0.11530953126139516,0.2567007087078566,0.07814741676617494,10.369099958380207,10.690038702720818,25.57541736636942,1.3515778310730655
delta0.00__moderate,0.0,moderate,execution_queue_oracle,drf_execution_queue_oracle,drf,33.97,34.2,0.8932414016092102,95.54,0.0,1.0,3.0,5.661666666666667,39,0.0325,1.2564102564102564,1.0,4.0,821,0.6841666666666667,1.4214372716199757,1.0,,,,,,,,,,0.0,0.0,0.0,0.11530953126139516,0.2567007087078566,0.07814741676617494,10.369099958380207,10.690038702720818,25.57541736636942,1.3515778310730655
delta0.00__moderate,0.0,moderate,latent_distribution_oracle,drf_latent_distribution_oracle,drf,33.305,33.58,0.8860845921355667,118.3,0.0,1.0,3.0,5.550833333333333,74,0.06166666666666667,1.6486486486486487,1.0,6.0,796,0.6633333333333333,1.3907035175879396,1.0,,,,,,,,,,0.0,0.0,0.0,0.11530953126139516,0.2567007087078566,0.07814741676617494,10.369099958380207,10.690038702720818,25.57541736636942,1.3515778310730655
delta0.00__moderate,0.0,moderate,refreshed_calibration,drf_refreshed_calibration,drf,33.235,33.53,0.8865534625944861,116.915,0.0,1.0,3.0,5.539166666666667,77,0.06416666666666666,1.6623376623376624,1.0,5.0,785,0.6541666666666667,1.4,1.0,,,,,,,,,,0.0,0.0,0.0,0.11530953126139516,0.2567007087078566,0.07814741676617494,10.369099958380207,10.690038702720818,25.57541736636942,1.3515778310730655
delta0.00__moderate,0.0,moderate,stale_calibration,drf_stale_calibration,drf,33.255,33.53,0.8848998482545706,121.0,0.0,1.0,3.0,5.5425,71,0.059166666666666666,1.6619718309859155,1.0,5.0,780,0.65,1.4012820512820512,1.0,,,,,,,,,,0.0,0.0,0.0,0.11530953126139516,0.2567007087078566,0.07814741676617494,10.369099958380207,10.690038702720818,25.57541736636942,1.3515778310730655
delta0.00__moderate,0.0,moderate,,equal,equal,28.38,28.745,0.7447887688073888,425.77,0.0,1.0,2.0,4.73,0,0.0,0.0,0.0,-0.0,0,0.0,0.0,0.0,,,,,,,,,,0.0,0.0,0.0,0.11530953126139516,0.2567007087078566,0.07814741676617494,10.369099958380207,10.690038702720818,25.57541736636942,1.3515778310730655
delta0.00__high,0.0,high,execution_queue_oracle,carrier_execution_queue_oracle,carrier,26.185,26.72,0.9079282905120319,104.01,0.0,1.0,2.0,4.364166666666667,39,0.0325,1.1538461538461537,1.0,2.0,707,0.5891666666666666,1.8373408769448374,2.0,318,0.265,1.1037735849056605,1.0,3.0,394,0.3283333333333333,1.8172588832487309,1.0,0.0,0.0,0.0,0.11530953126139516,0.2567007087078566,0.07814741676617494,10.369099958380207,10.690038702720818,25.57541736636942,1.9753892443473553
delta0.00__high,0.0,high,latent_distribution_oracle,carrier_latent_distribution_oracle,carrier,25.945,26.535,0.9026468274179709,111.82,0.0,1.0,2.0,4.324166666666667,46,0.03833333333333333,1.108695652173913,1.0,2.0,727,0.6058333333333333,1.7290233837689133,1.0,295,0.24583333333333332,1.0677966101694916,1.0,2.0,356,0.2966666666666667,1.7668539325842696,1.0,0.0,0.0,0.0,0.11530953126139516,0.2567007087078566,0.07814741676617494,10.369099958380207,10.690038702720818,25.57541736636942,1.9753892443473553
delta0.00__high,0.0,high,refreshed_calibration,carrier_refreshed_calibration,carrier,25.91,26.465,0.9019699100866749,112.45,0.0,1.0,2.0,4.318333333333333,46,0.03833333333333333,1.1956521739130435,1.0,2.0,718,0.5983333333333334,1.7465181058495822,1.0,284,0.23666666666666666,1.1091549295774648,1.0,3.0,355,0.29583333333333334,1.8084507042253521,1.0,0.0,0.0,0.0,0.11530953126139516,0.2567007087078566,0.07814741676617494,10.369099958380207,10.690038702720818,25.57541736636942,1.9753892443473553
delta0.00__high,0.0,high,stale_calibration,carrier_stale_calibration,carrier,25.875,26.445,0.9012346485653291,113.42,0.0,1.0,2.0,4.3125,50,0.041666666666666664,1.16,1.0,4.0,714,0.595,1.7507002801120448,1.0,306,0.255,1.0816993464052287,1.0,3.0,367,0.30583333333333335,1.7411444141689374,1.0,0.0,0.0,0.0,0.11530953126139516,0.2567007087078566,0.07814741676617494,10.369099958380207,10.690038702720818,25.57541736636942,1.9753892443473553
delta0.00__high,0.0,high,execution_queue_oracle,drf_execution_queue_oracle,drf,24.36,24.855,0.8604758503597332,104.225,0.0025,0.0,2.0,4.06,75,0.0625,1.3466666666666667,1.0,3.0,783,0.6525,1.264367816091954,1.0,,,,,,,,,,0.0,0.0,0.0,0.11530953126139516,0.2567007087078566,0.07814741676617494,10.369099958380207,10.690038702720818,25.57541736636942,1.9753892443473553
delta0.00__high,0.0,high,latent_distribution_oracle,drf_latent_distribution_oracle,drf,24.375,24.83,0.8619355505983556,109.61,0.0025,0.0,2.0,4.0625,72,0.06,1.4861111111111112,1.0,4.0,802,0.6683333333333333,1.245635910224439,1.0,,,,,,,,,,0.0,0.0,0.0,0.11530953126139516,0.2567007087078566,0.07814741676617494,10.369099958380207,10.690038702720818,25.57541736636942,1.9753892443473553
delta0.00__high,0.0,high,refreshed_calibration,drf_refreshed_calibration,drf,24.275,24.72,0.8595520497332874,111.255,0.0025,0.0,2.0,4.045833333333333,75,0.0625,1.48,1.0,4.0,790,0.6583333333333333,1.2443037974683544,1.0,,,,,,,,,,0.0,0.0,0.0,0.11530953126139516,0.2567007087078566,0.07814741676617494,10.369099958380207,10.690038702720818,25.57541736636942,1.9753892443473553
delta0.00__high,0.0,high,stale_calibration,drf_stale_calibration,drf,24.335,24.805,0.8610543311376986,110.675,0.0025,0.0,2.0,4.055833333333333,83,0.06916666666666667,1.3855421686746987,1.0,4.0,801,0.6675,1.247191011235955,1.0,,,,,,,,,,0.0,0.0,0.0,0.11530953126139516,0.2567007087078566,0.07814741676617494,10.369099958380207,10.690038702720818,25.57541736636942,1.9753892443473553
delta0.00__high,0.0,high,,equal,equal,19.915,20.45,0.7255698745341528,313.375,0.004166666666666667,0.0,2.0,3.319166666666667,0,0.0,0.0,0.0,-0.0,0,0.0,0.0,0.0,,,,,,,,,,0.0,0.0,0.0,0.11530953126139516,0.2567007087078566,0.07814741676617494,10.369099958380207,10.690038702720818,25.57541736636942,1.9753892443473553
delta0.25__moderate,0.25,moderate,execution_queue_oracle,carrier_execution_queue_oracle,carrier,35.155,35.865,0.9222679407086821,126.975,0.0,1.0,3.0,5.859166666666667,66,0.055,1.0606060606060606,1.0,2.0,601,0.5008333333333334,1.8785357737104826,1.0,306,0.255,1.1503267973856208,1.0,3.0,335,0.2791666666666667,2.0955223880597016,2.0,12.0,9.005,0.17857275009927775,0.08972416029220188,0.5105955633460387,0.05842805618839735,56.35537250824231,17.891489925845534,44.664069809550895,1.4622606636313105
delta0.25__moderate,0.25,moderate,latent_distribution_oracle,carrier_latent_distribution_oracle,carrier,34.15,34.755,0.8996416005282754,165.905,0.0,2.0,3.0,5.691666666666666,116,0.09666666666666666,1.2155172413793103,1.0,4.0,572,0.4766666666666667,1.7465034965034965,1.0,280,0.23333333333333334,1.0785714285714285,1.0,3.0,331,0.2758333333333333,1.8761329305135952,2.0,12.0,9.005,0.17857275009927775,0.08972416029220188,0.5105955633460387,0.05842805618839735,56.35537250824231,17.891489925845534,44.664069809550895,1.4622606636313105
delta0.25__moderate,0.25,moderate,refreshed_calibration,carrier_refreshed_calibration,carrier,33.945,34.58,0.8962732249514133,170.83,0.0,2.0,3.0,5.6575,141,0.1175,1.2127659574468086,1.0,4.0,561,0.4675,1.7611408199643495,1.0,288,0.24,1.0625,1.0,3.0,327,0.2725,1.8960244648318043,2.0,12.0,9.005,0.17857275009927775,0.08972416029220188,0.5105955633460387,0.05842805618839735,56.35537250824231,17.891489925845534,44.664069809550895,1.4622606636313105
delta0.25__moderate,0.25,moderate,stale_calibration,carrier_stale_calibration,carrier,33.37,34.21,0.8864959590056578,190.715,0.0,1.0,3.0,5.5616666666666665,213,0.1775,1.5821596244131455,1.0,5.0,571,0.47583333333333333,1.819614711033275,1.0,259,0.21583333333333332,1.135135135135135,1.0,4.0,311,0.25916666666666666,1.977491961414791,2.0,12.0,9.005,0.17857275009927775,0.08972416029220188,0.5105955633460387,0.05842805618839735,56.35537250824231,17.891489925845534,44.664069809550895,1.4622606636313105
delta0.25__moderate,0.25,moderate,execution_queue_oracle,drf_execution_queue_oracle,drf,33.405,34.055,0.8816143006445575,111.89,0.0,1.0,3.0,5.5675,115,0.09583333333333334,1.3478260869565217,1.0,3.0,667,0.5558333333333333,1.2953523238380809,1.0,,,,,,,,,,12.0,9.005,0.17857275009927775,0.08972416029220188,0.5105955633460387,0.05842805618839735,56.35537250824231,17.891489925845534,44.664069809550895,1.4622606636313105
delta0.25__moderate,0.25,moderate,latent_distribution_oracle,drf_latent_distribution_oracle,drf,32.555,33.14,0.8698231251471753,152.26,0.0,1.0,3.0,5.425833333333333,147,0.1225,1.5510204081632653,1.0,5.0,631,0.5258333333333334,1.2155309033280508,1.0,,,,,,,,,,12.0,9.005,0.17857275009927775,0.08972416029220188,0.5105955633460387,0.05842805618839735,56.35537250824231,17.891489925845534,44.664069809550895,1.4622606636313105
delta0.25__moderate,0.25,moderate,refreshed_calibration,drf_refreshed_calibration,drf,32.375,33.025,0.8663220041201868,154.745,0.0,1.0,3.0,5.395833333333333,160,0.13333333333333333,1.55,1.0,4.0,619,0.5158333333333334,1.2132471728594507,1.0,,,,,,,,,,12.0,9.005,0.17857275009927775,0.08972416029220188,0.5105955633460387,0.05842805618839735,56.35537250824231,17.891489925845534,44.664069809550895,1.4622606636313105
delta0.25__moderate,0.25,moderate,stale_calibration,drf_stale_calibration,drf,31.765,32.375,0.8637350254958162,158.535,0.0,1.0,3.0,5.2941666666666665,239,0.19916666666666666,1.6945606694560669,1.0,6.0,583,0.48583333333333334,1.3481989708404802,1.0,,,,,,,,,,12.0,9.005,0.17857275009927775,0.08972416029220188,0.5105955633460387,0.05842805618839735,56.35537250824231,17.891489925845534,44.664069809550895,1.4622606636313105
delta0.25__moderate,0.25,moderate,,equal,equal,29.86,30.595,0.8050999199576158,330.505,0.0,1.0,3.0,4.976666666666667,0,0.0,0.0,0.0,-0.0,0,0.0,0.0,0.0,,,,,,,,,,12.0,9.005,0.17857275009927775,0.08972416029220188,0.5105955633460387,0.05842805618839735,56.35537250824231,17.891489925845534,44.664069809550895,1.4622606636313105
delta0.25__high,0.25,high,execution_queue_oracle,carrier_execution_queue_oracle,carrier,25.4,26.62,0.9001005385053817,112.9,0.0,1.0,2.0,4.233333333333333,114,0.095,1.1140350877192982,1.0,3.0,575,0.4791666666666667,1.6591304347826088,1.0,301,0.25083333333333335,1.0830564784053156,1.0,3.0,340,0.2833333333333333,1.8088235294117647,1.0,12.0,9.005,0.17857275009927775,0.08972416029220188,0.5105955633460387,0.05842805618839735,56.35537250824231,17.891489925845534,44.664069809550895,2.1376306552283557
delta0.25__high,0.25,high,latent_distribution_oracle,carrier_latent_distribution_oracle,carrier,24.98,26.22,0.8826272712784947,132.895,0.0,1.0,2.0,4.163333333333333,113,0.09416666666666666,1.2566371681415929,1.0,3.0,569,0.4741666666666667,1.555360281195079,1.0,284,0.23666666666666666,1.0492957746478873,1.0,2.0,336,0.28,1.6785714285714286,1.0,12.0,9.005,0.17857275009927775,0.08972416029220188,0.5105955633460387,0.05842805618839735,56.35537250824231,17.891489925845534,44.664069809550895,2.1376306552283557
delta0.25__high,0.25,high,refreshed_calibration,carrier_refreshed_calibration,carrier,24.865,26.015,0.8764321898354247,139.43,0.0,1.0,2.0,4.144166666666667,131,0.10916666666666666,1.1984732824427482,1.0,3.0,554,0.46166666666666667,1.5830324909747293,1.0,282,0.235,1.053191489361702,1.0,2.0,318,0.265,1.7327044025157232,1.0,12.0,9.005,0.17857275009927775,0.08972416029220188,0.5105955633460387,0.05842805618839735,56.35537250824231,17.891489925845534,44.664069809550895,2.1376306552283557
delta0.25__high,0.25,high,stale_calibration,carrier_stale_calibration,carrier,25.315,26.275,0.8852687891085249,133.19,0.0,1.0,2.0,4.219166666666666,127,0.10583333333333333,1.2913385826771653,1.0,5.0,599,0.49916666666666665,1.6260434056761268,1.0,267,0.2225,1.097378277153558,1.0,3.0,344,0.2866666666666667,1.7238372093023255,1.0,12.0,9.005,0.17857275009927775,0.08972416029220188,0.5105955633460387,0.05842805618839735,56.35537250824231,17.891489925845534,44.664069809550895,2.1376306552283557
delta0.25__high,0.25,high,execution_queue_oracle,drf_execution_queue_oracle,drf,23.955,25.06,0.8514081919767321,110.76,0.0008333333333333333,0.0,2.0,3.9925,161,0.13416666666666666,1.329192546583851,1.0,3.0,618,0.515,1.2168284789644013,1.0,,,,,,,,,,12.0,9.005,0.17857275009927775,0.08972416029220188,0.5105955633460387,0.05842805618839735,56.35537250824231,17.891489925845534,44.664069809550895,2.1376306552283557
delta0.25__high,0.25,high,latent_distribution_oracle,drf_latent_distribution_oracle,drf,23.65,24.74,0.8426168373279964,134.88,0.0008333333333333333,0.0,2.0,3.941666666666667,157,0.13083333333333333,1.464968152866242,1.0,4.0,609,0.5075,1.160919540229885,1.0,,,,,,,,,,12.0,9.005,0.17857275009927775,0.08972416029220188,0.5105955633460387,0.05842805618839735,56.35537250824231,17.891489925845534,44.664069809550895,2.1376306552283557
delta0.25__high,0.25,high,refreshed_calibration,drf_refreshed_calibration,drf,23.595,24.58,0.8406717722809682,134.56,0.0016666666666666666,0.0,2.0,3.9325,159,0.1325,1.5031446540880504,1.0,4.0,610,0.5083333333333333,1.1557377049180328,1.0,,,,,,,,,,12.0,9.005,0.17857275009927775,0.08972416029220188,0.5105955633460387,0.05842805618839735,56.35537250824231,17.891489925845534,44.664069809550895,2.1376306552283557
delta0.25__high,0.25,high,stale_calibration,drf_stale_calibration,drf,23.815,24.705,0.8492343068778087,125.395,0.0016666666666666666,0.0,2.0,3.9691666666666667,192,0.16,1.4895833333333333,1.0,6.0,630,0.525,1.2634920634920634,1.0,,,,,,,,,,12.0,9.005,0.17857275009927775,0.08972416029220188,0.5105955633460387,0.05842805618839735,56.35537250824231,17.891489925845534,44.664069809550895,2.1376306552283557
delta0.25__high,0.25,high,,equal,equal,21.265,22.57,0.789023656921893,243.385,0.0025,0.0,2.0,3.5441666666666665,0,0.0,0.0,0.0,-0.0,0,0.0,0.0,0.0,,,,,,,,,,12.0,9.005,0.17857275009927775,0.08972416029220188,0.5105955633460387,0.05842805618839735,56.35537250824231,17.891489925845534,44.664069809550895,2.1376306552283557
delta0.50__moderate,0.5,moderate,execution_queue_oracle,carrier_execution_queue_oracle,carrier,33.915,34.82,0.9047977588227762,153.04,0.0,1.0,3.0,5.6525,95,0.07916666666666666,1.2210526315789474,1.0,3.0,501,0.4175,1.7904191616766467,1.0,270,0.225,1.1222222222222222,1.0,2.0,328,0.2733333333333333,1.8902439024390243,2.0,24.065,18.175,0.35714550019855557,0.08156052058750587,0.5743313355513782,0.05304730071067451,109.62133722885204,19.928727431079665,50.05793298209219,1.588464261012629
delta0.50__moderate,0.5,moderate,latent_distribution_oracle,carrier_latent_distribution_oracle,carrier,32.725,33.625,0.885471452412551,186.395,0.0008333333333333333,0.0,3.0,5.454166666666667,131,0.10916666666666666,1.4198473282442747,1.0,4.0,447,0.3725,1.6308724832214765,1.0,238,0.19833333333333333,1.084033613445378,1.0,2.0,329,0.27416666666666667,1.6139817629179332,1.0,24.065,18.175,0.35714550019855557,0.08156052058750587,0.5743313355513782,0.05304730071067451,109.62133722885204,19.928727431079665,50.05793298209219,1.588464261012629
delta0.50__moderate,0.5,moderate,refreshed_calibration,carrier_refreshed_calibration,carrier,32.445,33.44,0.8819936324725981,193.28,0.0008333333333333333,0.0,3.0,5.4075,167,0.13916666666666666,1.3892215568862276,1.0,4.0,430,0.35833333333333334,1.672093023255814,1.0,258,0.215,1.0813953488372092,1.0,3.0,307,0.25583333333333336,1.6482084690553747,1.0,24.065,18.175,0.35714550019855557,0.08156052058750587,0.5743313355513782,0.05304730071067451,109.62133722885204,19.928727431079665,50.05793298209219,1.588464261012629
delta0.50__moderate,0.5,moderate,stale_calibration,carrier_stale_calibration,carrier,30.54,31.41,0.8316115396958247,286.18,0.0008333333333333333,0.0,3.0,5.09,359,0.2991666666666667,1.841225626740947,1.0,6.0,445,0.37083333333333335,1.7235955056179775,1.0,249,0.2075,1.140562248995984,1.0,4.0,292,0.24333333333333335,1.7910958904109588,1.0,24.065,18.175,0.35714550019855557,0.08156052058750587,0.5743313355513782,0.05304730071067451,109.62133722885204,19.928727431079665,50.05793298209219,1.588464261012629
delta0.50__moderate,0.5,moderate,execution_queue_oracle,drf_execution_queue_oracle,drf,32.33,33.18,0.8494338841971357,106.1,0.0,1.0,3.0,5.388333333333334,164,0.13666666666666666,1.396341463414634,1.0,4.0,543,0.4525,1.276243093922652,1.0,,,,,,,,,,24.065,18.175,0.35714550019855557,0.08156052058750587,0.5743313355513782,0.05304730071067451,109.62133722885204,19.928727431079665,50.05793298209219,1.588464261012629
delta0.50__moderate,0.5,moderate,latent_distribution_oracle,drf_latent_distribution_oracle,drf,31.36,32.14,0.8309878729007346,146.74,0.0025,0.0,3.0,5.226666666666667,189,0.1575,1.656084656084656,1.0,5.0,492,0.41,1.184959349593496,1.0,,,,,,,,,,24.065,18.175,0.35714550019855557,0.08156052058750587,0.5743313355513782,0.05304730071067451,109.62133722885204,19.928727431079665,50.05793298209219,1.588464261012629
delta0.50__moderate,0.5,moderate,refreshed_calibration,drf_refreshed_calibration,drf,31.31,32.105,0.8269755696497697,152.53,0.0016666666666666666,0.0,3.0,5.218333333333334,206,0.17166666666666666,1.6213592233009708,1.0,5.0,507,0.4225,1.1715976331360947,1.0,,,,,,,,,,24.065,18.175,0.35714550019855557,0.08156052058750587,0.5743313355513782,0.05304730071067451,109.62133722885204,19.928727431079665,50.05793298209219,1.588464261012629
delta0.50__moderate,0.5,moderate,stale_calibration,drf_stale_calibration,drf,29.345,30.06,0.8125217496606346,250.03,0.0025,0.0,3.0,4.890833333333333,394,0.3283333333333333,1.9593908629441625,2.0,6.0,478,0.3983333333333333,1.3368200836820083,1.0,,,,,,,,,,24.065,18.175,0.35714550019855557,0.08156052058750587,0.5743313355513782,0.05304730071067451,109.62133722885204,19.928727431079665,50.05793298209219,1.588464261012629
delta0.50__moderate,0.5,moderate,,equal,equal,30.01,30.99,0.8179840853806077,312.02,0.0,1.0,3.0,5.001666666666667,0,0.0,0.0,0.0,-0.0,0,0.0,0.0,0.0,,,,,,,,,,24.065,18.175,0.35714550019855557,0.08156052058750587,0.5743313355513782,0.05304730071067451,109.62133722885204,19.928727431079665,50.05793298209219,1.588464261012629
delta0.50__high,0.5,high,execution_queue_oracle,carrier_execution_queue_oracle,carrier,24.66,26.2,0.8858111912278117,126.015,0.0,1.0,2.0,4.11,152,0.12666666666666668,1.1842105263157894,1.0,3.0,483,0.4025,1.7018633540372672,1.0,271,0.22583333333333333,1.121771217712177,1.0,3.0,355,0.29583333333333334,1.763380281690141,1.0,24.065,18.175,0.35714550019855557,0.08156052058750587,0.5743313355513782,0.05304730071067451,109.62133722885204,19.928727431079665,50.05793298209219,2.3225967747761986
delta0.50__high,0.5,high,latent_distribution_oracle,carrier_latent_distribution_oracle,carrier,23.995,25.495,0.8718752825003488,143.08,0.0008333333333333333,0.0,2.0,3.9991666666666665,157,0.13083333333333333,1.3312101910828025,1.0,4.0,459,0.3825,1.5642701525054465,1.0,242,0.20166666666666666,1.1074380165289257,1.0,3.0,358,0.29833333333333334,1.5837988826815643,1.0,24.065,18.175,0.35714550019855557,0.08156052058750587,0.5743313355513782,0.05304730071067451,109.62133722885204,19.928727431079665,50.05793298209219,2.3225967747761986
delta0.50__high,0.5,high,refreshed_calibration,carrier_refreshed_calibration,carrier,23.885,25.305,0.8657051665365242,150.495,0.0008333333333333333,0.0,2.0,3.9808333333333334,178,0.14833333333333334,1.297752808988764,1.0,4.0,457,0.38083333333333336,1.5711159737417943,1.0,246,0.205,1.0691056910569106,1.0,2.0,333,0.2775,1.6066066066066067,1.0,24.065,18.175,0.35714550019855557,0.08156052058750587,0.5743313355513782,0.05304730071067451,109.62133722885204,19.928727431079665,50.05793298209219,2.3225967747761986
delta0.50__high,0.5,high,stale_calibration,carrier_stale_calibration,carrier,23.71,24.865,0.8431172456471927,183.735,0.0025,0.0,2.0,3.9516666666666667,218,0.18166666666666667,1.3944954128440368,1.0,5.0,496,0.41333333333333333,1.5241935483870968,1.0,227,0.18916666666666668,1.1101321585903083,1.0,3.0,306,0.255,1.6045751633986929,1.0,24.065,18.175,0.35714550019855557,0.08156052058750587,0.5743313355513782,0.05304730071067451,109.62133722885204,19.928727431079665,50.05793298209219,2.3225967747761986
delta0.50__high,0.5,high,execution_queue_oracle,drf_execution_queue_oracle,drf,23.05,24.395,0.8146268302338525,113.0,0.003333333333333333,0.0,2.0,3.841666666666667,218,0.18166666666666667,1.389908256880734,1.0,5.0,515,0.42916666666666664,1.2097087378640776,1.0,,,,,,,,,,24.065,18.175,0.35714550019855557,0.08156052058750587,0.5743313355513782,0.05304730071067451,109.62133722885204,19.928727431079665,50.05793298209219,2.3225967747761986
delta0.50__high,0.5,high,latent_distribution_oracle,drf_latent_distribution_oracle,drf,22.5,23.82,0.8040058979372674,131.515,0.0025,0.0,2.0,3.75,223,0.18583333333333332,1.452914798206278,1.0,5.0,466,0.3883333333333333,1.145922746781116,1.0,,,,,,,,,,24.065,18.175,0.35714550019855557,0.08156052058750587,0.5743313355513782,0.05304730071067451,109.62133722885204,19.928727431079665,50.05793298209219,2.3225967747761986
delta0.50__high,0.5,high,refreshed_calibration,drf_refreshed_calibration,drf,22.525,23.8,0.8006491577028052,134.035,0.003333333333333333,0.0,2.0,3.754166666666667,218,0.18166666666666667,1.481651376146789,1.0,5.0,465,0.3875,1.156989247311828,1.0,,,,,,,,,,24.065,18.175,0.35714550019855557,0.08156052058750587,0.5743313355513782,0.05304730071067451,109.62133722885204,19.928727431079665,50.05793298209219,2.3225967747761986
delta0.50__high,0.5,high,stale_calibration,drf_stale_calibration,drf,22.515,23.535,0.8160431642708326,165.96,0.004166666666666667,0.0,2.0,3.7525,275,0.22916666666666666,1.5672727272727274,1.0,5.0,520,0.43333333333333335,1.2384615384615385,1.0,,,,,,,,,,24.065,18.175,0.35714550019855557,0.08156052058750587,0.5743313355513782,0.05304730071067451,109.62133722885204,19.928727431079665,50.05793298209219,2.3225967747761986
delta0.50__high,0.5,high,,equal,equal,21.45,23.07,0.7970135762705144,236.975,0.0025,0.0,2.0,3.575,0,0.0,0.0,0.0,-0.0,0,0.0,0.0,0.0,,,,,,,,,,24.065,18.175,0.35714550019855557,0.08156052058750587,0.5743313355513782,0.05304730071067451,109.62133722885204,19.928727431079665,50.05793298209219,2.3225967747761986
delta0.75__moderate,0.75,moderate,execution_queue_oracle,carrier_execution_queue_oracle,carrier,32.825,33.63,0.8824257962775891,186.5,0.0,1.0,3.0,5.470833333333333,85,0.07083333333333333,1.1647058823529413,1.0,3.0,479,0.39916666666666667,1.7933194154488519,1.0,235,0.19583333333333333,1.1319148936170214,1.0,3.0,324,0.27,1.7746913580246915,1.0,35.825,27.03,0.5357182502978334,0.09070512928116851,0.516457493401533,0.05972786091579928,163.5163041032687,18.60565979631009,45.9164802016909,1.7137070974762907
delta0.75__moderate,0.75,moderate,latent_distribution_oracle,carrier_latent_distribution_oracle,carrier,32.0,32.805,0.8663205695890366,214.87,0.0008333333333333333,0.0,3.0,5.333333333333333,122,0.10166666666666667,1.3688524590163935,1.0,4.0,421,0.35083333333333333,1.809976247030879,1.0,204,0.17,1.1029411764705883,1.0,3.0,339,0.2825,1.7079646017699115,1.0,35.825,27.03,0.5357182502978334,0.09070512928116851,0.516457493401533,0.05972786091579928,163.5163041032687,18.60565979631009,45.9164802016909,1.7137070974762907
delta0.75__moderate,0.75,moderate,refreshed_calibration,carrier_refreshed_calibration,carrier,31.725,32.64,0.8614799429227429,223.705,0.0008333333333333333,0.0,3.0,5.2875,139,0.11583333333333333,1.4316546762589928,1.0,4.0,406,0.3383333333333333,1.8201970443349753,1.0,214,0.17833333333333334,1.088785046728972,1.0,3.0,334,0.2783333333333333,1.721556886227545,1.0,35.825,27.03,0.5357182502978334,0.09070512928116851,0.516457493401533,0.05972786091579928,163.5163041032687,18.60565979631009,45.9164802016909,1.7137070974762907
delta0.75__moderate,0.75,moderate,stale_calibration,carrier_stale_calibration,carrier,27.48,28.15,0.7407319702670077,440.615,0.010833333333333332,0.0,2.0,4.58,466,0.3883333333333333,1.9957081545064377,2.0,6.0,369,0.3075,1.6829268292682926,1.0,217,0.18083333333333335,1.1336405529953917,1.0,3.0,282,0.235,1.6453900709219857,1.0,35.825,27.03,0.5357182502978334,0.09070512928116851,0.516457493401533,0.05972786091579928,163.5163041032687,18.60565979631009,45.9164802016909,1.7137070974762907
delta0.75__moderate,0.75,moderate,execution_queue_oracle,drf_execution_queue_oracle,drf,31.28,31.91,0.820292928289764,108.47,0.0025,0.0,3.0,5.213333333333333,161,0.13416666666666666,1.2670807453416149,1.0,3.0,508,0.42333333333333334,1.2893700787401574,1.0,,,,,,,,,,35.825,27.03,0.5357182502978334,0.09070512928116851,0.516457493401533,0.05972786091579928,163.5163041032687,18.60565979631009,45.9164802016909,1.7137070974762907
delta0.75__moderate,0.75,moderate,latent_distribution_oracle,drf_latent_distribution_oracle,drf,30.23,30.94,0.8015954122835908,140.365,0.0025,0.0,3.0,5.038333333333333,229,0.19083333333333333,1.462882096069869,1.0,5.0,476,0.39666666666666667,1.2100840336134453,1.0,,,,,,,,,,35.825,27.03,0.5357182502978334,0.09070512928116851,0.516457493401533,0.05972786091579928,163.5163041032687,18.60565979631009,45.9164802016909,1.7137070974762907
delta0.75__moderate,0.75,moderate,refreshed_calibration,drf_refreshed_calibration,drf,30.015,30.755,0.7982268458572327,144.02,0.0025,0.0,3.0,5.0025,230,0.19166666666666668,1.5260869565217392,1.0,5.0,458,0.38166666666666665,1.1986899563318778,1.0,,,,,,,,,,35.825,27.03,0.5357182502978334,0.09070512928116851,0.516457493401533,0.05972786091579928,163.5163041032687,18.60565979631009,45.9164802016909,1.7137070974762907
delta0.75__moderate,0.75,moderate,stale_calibration,drf_stale_calibration,drf,26.39,26.825,0.7228462210775283,403.53,0.015,0.0,2.0,4.398333333333333,491,0.4091666666666667,2.1894093686354377,2.0,7.0,409,0.3408333333333333,1.3398533007334963,1.0,,,,,,,,,,35.825,27.03,0.5357182502978334,0.09070512928116851,0.516457493401533,0.05972786091579928,163.5163041032687,18.60565979631009,45.9164802016909,1.7137070974762907
delta0.75__moderate,0.75,moderate,,equal,equal,29.025,29.975,0.7851891943819005,369.205,0.0,1.0,3.0,4.8375,0,0.0,0.0,0.0,-0.0,0,0.0,0.0,0.0,,,,,,,,,,35.825,27.03,0.5357182502978334,0.09070512928116851,0.516457493401533,0.05972786091579928,163.5163041032687,18.60565979631009,45.9164802016909,1.7137070974762907
delta0.75__high,0.75,high,execution_queue_oracle,carrier_execution_queue_oracle,carrier,24.39,25.62,0.8692102264895007,141.87,0.0016666666666666666,0.0,2.0,4.065,128,0.10666666666666667,1.21875,1.0,3.0,484,0.4033333333333333,1.78099173553719,1.0,226,0.18833333333333332,1.075221238938053,1.0,2.0,355,0.29583333333333334,1.7690140845070423,1.0,35.825,27.03,0.5357182502978334,0.09070512928116851,0.516457493401533,0.05972786091579928,163.5163041032687,18.60565979631009,45.9164802016909,2.505509186782595
delta0.75__high,0.75,high,latent_distribution_oracle,carrier_latent_distribution_oracle,carrier,23.63,25.015,0.856663730290551,157.715,0.0016666666666666666,0.0,2.0,3.9383333333333335,154,0.12833333333333333,1.396103896103896,1.0,5.0,449,0.37416666666666665,1.712694877505568,1.0,207,0.1725,1.0338164251207729,1.0,2.0,339,0.2825,1.7374631268436578,1.0,35.825,27.03,0.5357182502978334,0.09070512928116851,0.516457493401533,0.05972786091579928,163.5163041032687,18.60565979631009,45.9164802016909,2.505509186782595
delta0.75__high,0.75,high,refreshed_calibration,carrier_refreshed_calibration,carrier,23.57,24.82,0.8553860434056721,159.65,0.0016666666666666666,0.0,2.0,3.9283333333333332,145,0.12083333333333333,1.3862068965517242,1.0,5.0,437,0.3641666666666667,1.700228832951945,1.0,220,0.18333333333333332,1.059090909090909,1.0,2.0,363,0.3025,1.6721763085399448,1.0,35.825,27.03,0.5357182502978334,0.09070512928116851,0.516457493401533,0.05972786091579928,163.5163041032687,18.60565979631009,45.9164802016909,2.505509186782595
delta0.75__high,0.75,high,stale_calibration,carrier_stale_calibration,carrier,21.165,22.11,0.7609684764151763,278.72,0.02,0.0,1.0,3.5275,350,0.2916666666666667,1.5,1.0,6.0,390,0.325,1.5025641025641026,1.0,224,0.18666666666666668,1.1116071428571428,1.0,3.0,264,0.22,1.5378787878787878,1.0,35.825,27.03,0.5357182502978334,0.09070512928116851,0.516457493401533,0.05972786091579928,163.5163041032687,18.60565979631009,45.9164802016909,2.505509186782595
delta0.75__high,0.75,high,execution_queue_oracle,drf_execution_queue_oracle,drf,22.465,23.61,0.7878398383131688,111.29,0.005,0.0,2.0,3.7441666666666666,225,0.1875,1.2666666666666666,1.0,4.0,484,0.4033333333333333,1.2520661157024793,1.0,,,,,,,,,,35.825,27.03,0.5357182502978334,0.09070512928116851,0.516457493401533,0.05972786091579928,163.5163041032687,18.60565979631009,45.9164802016909,2.505509186782595
delta0.75__high,0.75,high,latent_distribution_oracle,drf_latent_distribution_oracle,drf,21.755,23.01,0.7719107898504985,129.965,0.004999999999999999,0.0,2.0,3.6258333333333335,240,0.2,1.4,1.0,5.0,444,0.37,1.15990990990991,1.0,,,,,,,,,,35.825,27.03,0.5357182502978334,0.09070512928116851,0.516457493401533,0.05972786091579928,163.5163041032687,18.60565979631009,45.9164802016909,2.505509186782595
delta0.75__high,0.75,high,refreshed_calibration,drf_refreshed_calibration,drf,21.7,22.89,0.7694033455781102,130.82,0.005833333333333333,0.0,2.0,3.6166666666666667,240,0.2,1.45,1.0,5.0,438,0.365,1.178082191780822,1.0,,,,,,,,,,35.825,27.03,0.5357182502978334,0.09070512928116851,0.516457493401533,0.05972786091579928,163.5163041032687,18.60565979631009,45.9164802016909,2.505509186782595
delta0.75__high,0.75,high,stale_calibration,drf_stale_calibration,drf,20.38,21.26,0.7414253925993751,254.065,0.02083333333333333,0.0,1.0,3.3966666666666665,392,0.32666666666666666,1.6403061224489797,1.0,6.0,434,0.3616666666666667,1.26036866359447,1.0,,,,,,,,,,35.825,27.03,0.5357182502978334,0.09070512928116851,0.516457493401533,0.05972786091579928,163.5163041032687,18.60565979631009,45.9164802016909,2.505509186782595
delta0.75__high,0.75,high,,equal,equal,20.86,22.255,0.7734565804466146,265.61,0.0025,0.0,2.0,3.4766666666666666,0,0.0,0.0,0.0,-0.0,0,0.0,0.0,0.0,,,,,,,,,,35.825,27.03,0.5357182502978334,0.09070512928116851,0.516457493401533,0.05972786091579928,163.5163041032687,18.60565979631009,45.9164802016909,2.505509186782595
delta1.00__moderate,1.0,moderate,execution_queue_oracle,carrier_execution_queue_oracle,carrier,31.72,32.13,0.8586413147194475,225.535,0.0025,0.0,2.0,5.286666666666667,40,0.03333333333333333,1.225,1.0,3.0,515,0.42916666666666664,2.0349514563106794,2.0,240,0.2,1.1041666666666667,1.0,3.0,260,0.21666666666666667,2.2192307692307693,2.0,48.0,36.28,0.7142910003971111,0.11553672568992837,0.27218123313882847,0.0783654476967219,217.5933332600184,10.867671576183193,27.393308801685098,1.8631518711356116
delta1.00__moderate,1.0,moderate,latent_distribution_oracle,carrier_latent_distribution_oracle,carrier,31.15,31.54,0.8450939388828677,247.635,0.003333333333333333,0.0,2.0,5.191666666666666,75,0.0625,1.3066666666666666,1.0,3.0,493,0.41083333333333333,1.9939148073022313,2.0,228,0.19,1.0657894736842106,1.0,3.0,271,0.22583333333333333,2.103321033210332,2.0,48.0,36.28,0.7142910003971111,0.11553672568992837,0.27218123313882847,0.0783654476967219,217.5933332600184,10.867671576183193,27.393308801685098,1.8631518711356116
delta1.00__moderate,1.0,moderate,refreshed_calibration,carrier_refreshed_calibration,carrier,31.035,31.46,0.8424479189683817,253.495,0.004166666666666667,0.0,2.0,5.1725,78,0.065,1.3974358974358974,1.0,4.0,481,0.4008333333333333,2.0187110187110187,2.0,215,0.17916666666666667,1.0744186046511628,1.0,3.0,279,0.2325,2.028673835125448,2.0,48.0,36.28,0.7142910003971111,0.11553672568992837,0.27218123313882847,0.0783654476967219,217.5933332600184,10.867671576183193,27.393308801685098,1.8631518711356116
delta1.00__moderate,1.0,moderate,stale_calibration,carrier_stale_calibration,carrier,23.53,23.805,0.5992371136733962,675.445,0.13916666666666666,0.0,0.0,3.921666666666667,530,0.44166666666666665,2.1528301886792454,2.0,7.0,290,0.24166666666666667,1.7310344827586206,1.0,175,0.14583333333333334,1.0685714285714285,1.0,2.0,268,0.22333333333333333,1.6119402985074627,1.0,48.0,36.28,0.7142910003971111,0.11553672568992837,0.27218123313882847,0.0783654476967219,217.5933332600184,10.867671576183193,27.393308801685098,1.8631518711356116
delta1.00__moderate,1.0,moderate,execution_queue_oracle,drf_execution_queue_oracle,drf,30.16,30.47,0.7996767384520305,102.84,0.003333333333333333,0.0,2.0,5.026666666666666,79,0.06583333333333333,1.3670886075949367,1.0,4.0,597,0.4975,1.3316582914572865,1.0,,,,,,,,,,48.0,36.28,0.7142910003971111,0.11553672568992837,0.27218123313882847,0.0783654476967219,217.5933332600184,10.867671576183193,27.393308801685098,1.8631518711356116
delta1.00__moderate,1.0,moderate,latent_distribution_oracle,drf_latent_distribution_oracle,drf,29.515,29.825,0.7872574165029295,126.57,0.003333333333333333,0.0,2.0,4.9191666666666665,119,0.09916666666666667,1.4285714285714286,1.0,5.0,568,0.47333333333333333,1.2816901408450705,1.0,,,,,,,,,,48.0,36.28,0.7142910003971111,0.11553672568992837,0.27218123313882847,0.0783654476967219,217.5933332600184,10.867671576183193,27.393308801685098,1.8631518711356116
delta1.00__moderate,1.0,moderate,refreshed_calibration,drf_refreshed_calibration,drf,29.36,29.635,0.7842135520229586,127.84,0.004166666666666667,0.0,2.0,4.8933333333333335,124,0.10333333333333333,1.4919354838709677,1.0,6.0,557,0.46416666666666667,1.2782764811490126,1.0,,,,,,,,,,48.0,36.28,0.7142910003971111,0.11553672568992837,0.27218123313882847,0.0783654476967219,217.5933332600184,10.867671576183193,27.393308801685098,1.8631518711356116
delta1.00__moderate,1.0,moderate,stale_calibration,drf_stale_calibration,drf,22.305,22.445,0.5810828541460179,639.13,0.1725,0.0,0.0,3.7175,555,0.4625,2.372972972972973,2.0,8.0,343,0.28583333333333333,1.2623906705539358,1.0,,,,,,,,,,48.0,36.28,0.7142910003971111,0.11553672568992837,0.27218123313882847,0.0783654476967219,217.5933332600184,10.867671576183193,27.393308801685098,1.8631518711356116
delta1.00__moderate,1.0,moderate,,equal,equal,26.725,27.17,0.7052735993033469,504.04,0.004166666666666667,0.0,2.0,4.454166666666667,0,0.0,0.0,0.0,-0.0,0,0.0,0.0,0.0,,,,,,,,,,48.0,36.28,0.7142910003971111,0.11553672568992837,0.27218123313882847,0.0783654476967219,217.5933332600184,10.867671576183193,27.393308801685098,1.8631518711356116
delta1.00__high,1.0,high,execution_queue_oracle,carrier_execution_queue_oracle,carrier,24.015,24.505,0.8487047944255801,164.645,0.005833333333333333,0.0,1.0,4.0025,75,0.0625,1.12,1.0,2.0,560,0.4666666666666667,1.9589285714285714,1.0,220,0.18333333333333332,1.059090909090909,1.0,2.0,311,0.25916666666666666,2.0192926045016075,1.0,48.0,36.28,0.7142910003971111,0.11553672568992837,0.27218123313882847,0.0783654476967219,217.5933332600184,10.867671576183193,27.393308801685098,2.7238244064783674
delta1.00__high,1.0,high,latent_distribution_oracle,carrier_latent_distribution_oracle,carrier,23.595,24.115,0.838252031258009,176.43,0.0075,0.0,1.0,3.9325,85,0.07083333333333333,1.2705882352941176,1.0,4.0,541,0.4508333333333333,1.9168207024029575,1.0,208,0.17333333333333334,1.0865384615384615,1.0,2.0,303,0.2525,2.0132013201320134,2.0,48.0,36.28,0.7142910003971111,0.11553672568992837,0.27218123313882847,0.0783654476967219,217.5933332600184,10.867671576183193,27.393308801685098,2.7238244064783674
delta1.00__high,1.0,high,refreshed_calibration,carrier_refreshed_calibration,carrier,23.54,24.04,0.83570671104826,180.22,0.006666666666666666,0.0,1.0,3.9233333333333333,75,0.0625,1.3066666666666666,1.0,4.0,524,0.43666666666666665,1.9389312977099236,1.0,212,0.17666666666666667,1.0849056603773586,1.0,2.0,314,0.26166666666666666,1.9904458598726114,1.0,48.0,36.28,0.7142910003971111,0.11553672568992837,0.27218123313882847,0.0783654476967219,217.5933332600184,10.867671576183193,27.393308801685098,2.7238244064783674
delta1.00__high,1.0,high,stale_calibration,carrier_stale_calibration,carrier,17.65,17.995,0.5960905142370043,465.78,0.185,0.0,0.0,2.941666666666667,464,0.38666666666666666,1.6012931034482758,1.0,5.0,316,0.2633333333333333,1.5284810126582278,1.0,191,0.15916666666666668,1.068062827225131,1.0,2.0,239,0.19916666666666666,1.506276150627615,1.0,48.0,36.28,0.7142910003971111,0.11553672568992837,0.27218123313882847,0.0783654476967219,217.5933332600184,10.867671576183193,27.393308801685098,2.7238244064783674
delta1.00__high,1.0,high,execution_queue_oracle,drf_execution_queue_oracle,drf,22.04,22.48,0.7694399404072589,104.88,0.007499999999999999,0.0,1.0,3.6733333333333333,107,0.08916666666666667,1.3644859813084111,1.0,4.0,582,0.485,1.3127147766323024,1.0,,,,,,,,,,48.0,36.28,0.7142910003971111,0.11553672568992837,0.27218123313882847,0.0783654476967219,217.5933332600184,10.867671576183193,27.393308801685098,2.7238244064783674
delta1.00__high,1.0,high,latent_distribution_oracle,drf_latent_distribution_oracle,drf,21.675,22.165,0.7575792642443732,120.015,0.006666666666666666,0.0,1.0,3.6125,128,0.10666666666666667,1.4296875,1.0,4.0,579,0.4825,1.2573402417962003,1.0,,,,,,,,,,48.0,36.28,0.7142910003971111,0.11553672568992837,0.27218123313882847,0.0783654476967219,217.5933332600184,10.867671576183193,27.393308801685098,2.7238244064783674
delta1.00__high,1.0,high,refreshed_calibration,drf_refreshed_calibration,drf,21.565,22.015,0.7534119693098146,123.0,0.006666666666666666,0.0,1.0,3.5941666666666667,130,0.10833333333333334,1.4461538461538461,1.0,4.0,566,0.4716666666666667,1.256183745583039,1.0,,,,,,,,,,48.0,36.28,0.7142910003971111,0.11553672568992837,0.27218123313882847,0.0783654476967219,217.5933332600184,10.867671576183193,27.393308801685098,2.7238244064783674
delta1.00__high,1.0,high,stale_calibration,drf_stale_calibration,drf,16.87,17.19,0.578782814143326,439.91,0.20416666666666664,0.0,0.0,2.8116666666666665,493,0.41083333333333333,1.7809330628803246,1.0,6.0,366,0.305,1.2622950819672132,1.0,,,,,,,,,,48.0,36.28,0.7142910003971111,0.11553672568992837,0.27218123313882847,0.0783654476967219,217.5933332600184,10.867671576183193,27.393308801685098,2.7238244064783674
delta1.00__high,1.0,high,,equal,equal,18.95,19.595,0.6843864756654144,368.605,0.016666666666666666,0.0,1.0,3.158333333333333,0,0.0,0.0,0.0,-0.0,0,0.0,0.0,0.0,,,,,,,,,,48.0,36.28,0.7142910003971111,0.11553672568992837,0.27218123313882847,0.0783654476967219,217.5933332600184,10.867671576183193,27.393308801685098,2.7238244064783674
